BridalBones,81
Batesian,74
fiona730,93
dreddymama,83
maja_zg_to_df,80
emeraldnecklass,88
VAL1ant,87
christinevino,92
calbrokamp,85
XoXoMarley,89
espresso_sky,89
cheetah33,76
hbkeane,87
horribleforever,86
Scarles,86
gingersage,67
StefGO,75
ka1215,88
ImagineIf26,80
MaryAurora,76
xakriel,80
synaptic_self,71
ahookinherhead,84
karebear_617,66
alexgen,84
CoalMineSongs,83
ElectricSauce,86
cerewyn,76
--Roxy--,76
miz2718,72
chrissieparklif,91
SyrenSuccubus,83
thetam,91
Jackeroo585,90
rockandrye,92
hleigh1212,88
Jtabs_cat,74
belle_noiseuse,94
vacilando_,81
bostongirl845,82
j_hope,81
DancinDiva1983,76
libbyprior,92
Alexandra815,89
efree88,90
Allie_Leigh,70
Lauraconteuse,90
melhanna,80
stompy-boots,79
k8gaud,96
leahk9,80
missimerica,90
of-california,87
bitchbangz,83
XoXoMarley,89
thenewbettyboop,72
espresso_sky,89
xtothet,69
cakesalad,82
Shainamazing,85
no_milquetoast,90
drivingmzlizzy,86
thedirgni,87
VelvetandSuede,92
Jack_Heather,86
cwombat,93
cloudyzooom,79
nicekyle,89
fionnay,85
sunny_dd,95
svf418,82
awesome0saurus,88
melody-yeah,80
JetFleaCity,82
Flowers53,83
neonmarshmallow,70
stevieeknicks,65
BeretinBoston,74
Linds_86,94
stopthatfrog,82
maybelost,94,1352324420
xrmlittle21892,81,1352324435
bowery33,80,1352324451
schmeadeinabox,78,1352324466
theEisnotsilent,85,1352324482
bridgetph,87,1352324497
SpareTape,92,1352324528
smchap,70,1352324512
MaryAurora,76,Wed Nov 07 16:42:22 -0500 2012
daydreamskeptic,80,Wed Nov 07 16:42:37 -0500 2012
bunnevolence,90,Wed Nov 07 16:42:53 -0500 2012
tittlefly,81,Wed Nov 07 16:43:08 -0500 2012
nightrosewriter,80,Wed Nov 07 16:43:39 -0500 2012
turdterrorist,91,Wed Nov 07 16:43:23 -0500 2012
Onetraveler89,86,Wed Nov 07 16:44:11 -0500 2012,1352324651
trystanx,78,Wed Nov 07 16:43:55 -0500 2012,1352324635
ZoyaDB,89,Wed Nov 07 16:44:26 -0500 2012,1352324666
Penny208,84,Wed Nov 07 16:44:41 -0500 2012,1352324681
CodexPrincess,93,Wed Nov 07 16:44:57 -0500 2012,1352324697
WiseAsSarah,82,Wed Nov 07 16:45:12 -0500 2012,1352324712
ninab9,83,Wed Nov 07 16:45:27 -0500 2012,1352324727
Markelita,77,Wed Nov 07 16:45:43 -0500 2012,1352324743
yosoyleah,92,Wed Nov 07 16:45:58 -0500 2012,1352324758
mesesail,85,Wed Nov 07 16:46:14 -0500 2012,1352324774
lizosaur,84,Wed Nov 07 16:46:29 -0500 2012,1352324789
christinevino,92,Wed Nov 07 16:46:44 -0500 2012,1352324804
Amalina99,89,Wed Nov 07 16:47:00 -0500 2012,1352324820
dmwinter1088,67,Wed Nov 07 16:47:30 -0500 2012,1352324850
thetam,91,Wed Nov 07 16:47:15 -0500 2012,1352324835
baepik,86,Wed Nov 07 16:47:46 -0500 2012,1352324866
Frecasaurus,79,Wed Nov 07 16:48:01 -0500 2012,1352324881
Duckyfen,90,Wed Nov 07 16:48:32 -0500 2012,1352324912
Krystal_Gail,73,Wed Nov 07 16:48:17 -0500 2012,1352324897
--Roxy--,76,Wed Nov 07 16:48:53 -0500 2012,1352324933
ATLinBOS,86,Wed Nov 07 16:49:08 -0500 2012,1352324948
erksj,61,Wed Nov 07 16:49:23 -0500 2012,1352324963
kaymaca,84,Wed Nov 07 16:49:36 -0500 2012,1352324976
joyfulsign,73,Wed Nov 07 16:49:51 -0500 2012,1352324991
greatexperiment,90,Wed Nov 07 16:50:07 -0500 2012,1352325007
bitchbangz,83,Wed Nov 07 16:50:38 -0500 2012,1352325038
djskillet,85,Wed Nov 07 16:50:22 -0500 2012,1352325022
shortnsouthern,72,Wed Nov 07 16:50:45 -0500 2012,1352325045
Emsall,78,Wed Nov 07 16:51:01 -0500 2012,1352325061
lulu_chalupa,75,Wed Nov 07 16:51:16 -0500 2012,1352325076
saropi123,80,Wed Nov 07 16:51:32 -0500 2012,1352325092
freshandrad,85,Wed Nov 07 16:51:47 -0500 2012,1352325107
Malrissa,73,Wed Nov 07 16:52:02 -0500 2012,1352325122
nickycapb,89,Wed Nov 07 16:52:18 -0500 2012,1352325138
Laura_e_k,91,Wed Nov 07 16:52:33 -0500 2012,1352325153
AmusedAbsurdity,88,Wed Nov 07 16:52:48 -0500 2012,1352325168
aila_chan,79,Wed Nov 07 16:53:04 -0500 2012,1352325184
mrae77,80,Wed Nov 07 16:53:34 -0500 2012,1352325214
seesounds,75,Wed Nov 07 16:53:19 -0500 2012,1352325199
Maggie_Mayhem_,85,Wed Nov 07 16:53:50 -0500 2012,1352325230
VAL1ant,87,Wed Nov 07 16:54:21 -0500 2012,1352325261
buffiemouse,84,Wed Nov 07 16:54:05 -0500 2012,1352325245
insrtwittyremrk,90,Wed Nov 07 16:57:55 -0500 2012,1352325475
GoddessLena,85,Wed Nov 07 16:58:10 -0500 2012,1352325490
maribot,86,Wed Nov 07 16:58:26 -0500 2012,1352325506
bostonsoprano,86,Wed Nov 07 16:58:41 -0500 2012,1352325521
christina_289,78,Wed Nov 07 16:58:56 -0500 2012,1352325536
agnelle,77,Wed Nov 07 16:59:11 -0500 2012,1352325551
Parmily,80,Wed Nov 07 16:59:27 -0500 2012,1352325567
definitelyelena,88,Wed Nov 07 16:59:42 -0500 2012,1352325582
anaontheprowl,91,Wed Nov 07 16:59:58 -0500 2012,1352325598
rivalries,88,Wed Nov 07 17:00:14 -0500 2012,1352325614
PutARecordOn,90,Wed Nov 07 17:00:29 -0500 2012,1352325629
ThreeToTheBeach,79,Wed Nov 07 17:00:44 -0500 2012,1352325644
Jeslowen,85,Wed Nov 07 17:01:00 -0500 2012,1352325660
yoyouyue,83,Wed Nov 07 17:01:15 -0500 2012,1352325675
mitchy_yell,79,Wed Nov 07 17:01:30 -0500 2012,1352325690
insanityangel,94,Wed Nov 07 17:01:46 -0500 2012,1352325706
ShanMcolorado,83,Wed Nov 07 17:02:01 -0500 2012,1352325721
lindsay_weir_,87,Wed Nov 07 17:02:09 -0500 2012,1352325729
DidoOfCarthage,74,Wed Nov 07 17:02:15 -0500 2012,1352325735
abpeaches,81,Wed Nov 07 17:02:20 -0500 2012,1352325740
littlebee141,83,Wed Nov 07 17:02:25 -0500 2012,1352325745
underacorktree,91,Wed Nov 07 17:02:31 -0500 2012,1352325751
AllstonGirl82,74,Wed Nov 07 17:02:36 -0500 2012,1352325756
Abigail_Normal,87,Wed Nov 07 17:02:41 -0500 2012,1352325761
Liz_Connolly,70,Wed Nov 07 17:02:52 -0500 2012,1352325772
ahhpeachsnapple,63,Wed Nov 07 17:02:47 -0500 2012,1352325767
kfpowell,88,Wed Nov 07 17:02:57 -0500 2012,1352325777
ninjahdana,79,Wed Nov 07 17:03:08 -0500 2012,1352325788
Heartsthetank,92,Wed Nov 07 17:03:03 -0500 2012,1352325783
etb411,85,Wed Nov 07 17:03:13 -0500 2012,1352325793
LipstickVouge,93,Wed Nov 07 17:03:19 -0500 2012,1352325799
jdshan,73,Wed Nov 07 17:03:24 -0500 2012,1352325804
christina_289,78,Wed Nov 07 17:03:34 -0500 2012,1352325814
christina_289,78,Wed Nov 07 17:03:29 -0500 2012,1352325809
shortnsouthern,72,Wed Nov 07 17:03:40 -0500 2012,1352325820
GoodWillPunting,90,Wed Nov 07 17:03:45 -0500 2012,1352325825
T_Hanks,80,Wed Nov 07 17:03:50 -0500 2012,1352325830
theEisnotsilent,85,Wed Nov 07 17:03:56 -0500 2012,1352325836
pirate_luv,91,Wed Nov 07 17:04:01 -0500 2012,1352325841
discotrax,89,Wed Nov 07 17:04:06 -0500 2012,1352325846
virtueturnsvice,77,Wed Nov 07 17:04:12 -0500 2012,1352325852
RckJunkie,85,Wed Nov 07 17:04:17 -0500 2012,1352325857
Sunny11Sam,80,Wed Nov 07 17:04:22 -0500 2012,1352325862
Julzie07,88,Wed Nov 07 17:04:28 -0500 2012,1352325868
CoalMineSongs,83,Wed Nov 07 17:04:33 -0500 2012,1352325873
TryInOneWord,73,Wed Nov 07 17:04:38 -0500 2012,1352325878
oksarahw,85,Wed Nov 07 17:04:44 -0500 2012,1352325884
shout_it_out,88,Wed Nov 07 17:04:49 -0500 2012,1352325889
masticatrix,92,Wed Nov 07 17:04:54 -0500 2012,1352325894
ilikeyoumaude,93,Wed Nov 07 17:05:00 -0500 2012,1352325900
gracekellie,71,Wed Nov 07 17:05:05 -0500 2012,1352325905
bridgetph,87,Wed Nov 07 17:05:10 -0500 2012,1352325910
commodorewoman,87,Wed Nov 07 17:05:16 -0500 2012,1352325916
AMF_Radio,74,Wed Nov 07 17:05:21 -0500 2012,1352325921
seesounds,75,Wed Nov 07 17:05:27 -0500 2012,1352325927
TooMuchPaint,89,Wed Nov 07 17:05:32 -0500 2012,1352325932
Ivyvigne,87,Wed Nov 07 17:05:37 -0500 2012,1352325937
ilikeyoumaude,93,Wed Nov 07 17:05:43 -0500 2012,1352325943
AnnieHavoc,71,Wed Nov 07 17:05:48 -0500 2012,1352325948
waterchesnut4,85,Wed Nov 07 17:05:54 -0500 2012,1352325954
jeunething,84,Wed Nov 07 17:05:59 -0500 2012,1352325959
bunnevolence,90,Wed Nov 07 17:06:04 -0500 2012,1352325964
bluebird927,68,Wed Nov 07 17:06:10 -0500 2012,1352325970
drivingmzlizzy,86,Wed Nov 07 17:06:20 -0500 2012,1352325980
MyInitials24,73,Wed Nov 07 17:06:15 -0500 2012,1352325975
theEisnotsilent,85,Wed Nov 07 17:06:26 -0500 2012,1352325986
jme_fay,76,Wed Nov 07 17:06:31 -0500 2012,1352325991
annafelloff,76,Wed Nov 07 17:06:36 -0500 2012,1352325996
xnaughtykittenx,92,Wed Nov 07 17:06:42 -0500 2012,1352326002
Shaarr,81,Wed Nov 07 17:06:47 -0500 2012,1352326007
light_reflects,86,Wed Nov 07 17:06:58 -0500 2012,1352326018
hmski,84,Wed Nov 07 17:06:52 -0500 2012,1352326012
purpledash,87,Wed Nov 07 17:07:03 -0500 2012,1352326023
jrs05001,77,Wed Nov 07 17:07:08 -0500 2012,1352326028
raineye,81,Wed Nov 07 17:07:14 -0500 2012,1352326034
Jeanie99,77,Wed Nov 07 17:07:19 -0500 2012,1352326039
Sunny11Sam,80,Wed Nov 07 17:07:24 -0500 2012,1352326044
Onetraveler89,86,Wed Nov 07 17:07:30 -0500 2012,1352326050
stepanska,91,Wed Nov 07 17:07:35 -0500 2012,1352326055
ellie827,82,Wed Nov 07 17:07:40 -0500 2012,1352326060
lessmore7,84,Wed Nov 07 17:07:46 -0500 2012,1352326066
SexyTiff690,72,Wed Nov 07 17:07:51 -0500 2012,1352326071
california_sol1,83,Wed Nov 07 17:07:56 -0500 2012,1352326076
GoodIdeaMachine,83,Wed Nov 07 17:08:02 -0500 2012,1352326082
gracemarielilli,88,Wed Nov 07 17:08:07 -0500 2012,1352326087
Elizdee,92,Wed Nov 07 17:08:12 -0500 2012,1352326092
Flowers53,83,Wed Nov 07 17:08:18 -0500 2012,1352326098
heyheynownownow,91,Wed Nov 07 17:08:23 -0500 2012,1352326103
ninacfed,80,Wed Nov 07 17:08:28 -0500 2012,1352326108
noahofpleasure,78,Wed Nov 07 17:08:34 -0500 2012,1352326114
demonsaltshaker,93,Wed Nov 07 17:08:39 -0500 2012,1352326119
stompy-boots,79,Wed Nov 07 17:08:44 -0500 2012,1352326124
Jackeroo585,90,Wed Nov 07 17:08:50 -0500 2012,1352326130
discotrax,89,Wed Nov 07 17:08:55 -0500 2012,1352326135
intheclouds9,77,Wed Nov 07 17:09:06 -0500 2012,1352326146
bonbon0213,87,Wed Nov 07 17:09:00 -0500 2012,1352326140
intheclouds9,77,Wed Nov 07 17:09:11 -0500 2012,1352326151
ElectricAvenue2,74,Wed Nov 07 17:09:16 -0500 2012,1352326156
Bromobenzene,81,Wed Nov 07 17:09:22 -0500 2012,1352326162
sockchan,81,Wed Nov 07 17:09:27 -0500 2012,1352326167
Alexandra815,89,Wed Nov 07 17:09:32 -0500 2012,1352326172
Eyes_Up_Here,90,Wed Nov 07 17:09:38 -0500 2012,1352326178
fullmetalheart,89,Wed Nov 07 17:09:43 -0500 2012,1352326183
sirensong63,87,Wed Nov 07 17:09:49 -0500 2012,1352326189
JaneBird,82,Wed Nov 07 17:10:00 -0500 2012,1352326200
mathgirl22,84,Wed Nov 07 17:09:54 -0500 2012,1352326194
DrZaiusDrZaius,79,Wed Nov 07 17:10:05 -0500 2012,1352326205
ankaschlotz,74,Wed Nov 07 17:10:16 -0500 2012,1352326216
ka1215,88,Wed Nov 07 17:10:10 -0500 2012,1352326210
xhale_oxygen,82,Wed Nov 07 17:10:21 -0500 2012,1352326221
ShanMcolorado,83,Wed Nov 07 17:10:26 -0500 2012,1352326226
Shaarr,81,Wed Nov 07 17:10:31 -0500 2012,1352326231
jsamurai,89,Wed Nov 07 17:10:37 -0500 2012,1352326237
Colleensawesome,79,Wed Nov 07 17:10:42 -0500 2012,1352326242
funsexybitch,80,Wed Nov 07 17:10:47 -0500 2012,1352326247
jessicadlr,71,Wed Nov 07 17:10:53 -0500 2012,1352326253
demonsaltshaker,93,Wed Nov 07 17:10:58 -0500 2012,1352326258
LipstickVouge,93,Wed Nov 07 17:11:03 -0500 2012,1352326263
kjm1989,89,Wed Nov 07 17:11:09 -0500 2012,1352326269
nerdyflirty1365,87,Wed Nov 07 17:11:14 -0500 2012,1352326274
SaneLiving,65,Wed Nov 07 17:11:19 -0500 2012,1352326279
prissteen,91,Wed Nov 07 17:11:25 -0500 2012,1352326285
wellarentuclever,75,Wed Nov 07 17:11:30 -0500 2012,1352326290
Julzie07,88,Wed Nov 07 17:11:35 -0500 2012,1352326295
shortnsouthern,72,Wed Nov 07 17:11:41 -0500 2012,1352326301
kumbafire,80,Wed Nov 07 17:11:46 -0500 2012,1352326306
Phoebtastic9,87,Wed Nov 07 17:11:51 -0500 2012,1352326311
emilymilestron,76,Wed Nov 07 17:11:57 -0500 2012,1352326317
ab01,89,Wed Nov 07 17:12:02 -0500 2012,1352326322
Noticethemoment,72,Wed Nov 07 17:12:07 -0500 2012,1352326327
lutra4,81,Wed Nov 07 17:12:13 -0500 2012,1352326333
Jeslowen,85,Wed Nov 07 17:12:18 -0500 2012,1352326338
sgraffito102,64,Wed Nov 07 17:12:23 -0500 2012,1352326343
wittylyrics,85,Wed Nov 07 17:12:29 -0500 2012,1352326349
emeraldnecklass,88,Wed Nov 07 17:12:34 -0500 2012,1352326354
marvelsmarbles,74,Wed Nov 07 17:12:45 -0500 2012,1352326365
justjkay,85,Wed Nov 07 17:12:39 -0500 2012,1352326359
MelleBelle1231,89,Wed Nov 07 17:12:50 -0500 2012,1352326370
Jean_Riv,83,Wed Nov 07 17:13:01 -0500 2012,1352326381
MFoster87,84,Wed Nov 07 17:12:56 -0500 2012,1352326376
BreetahBreet,74,Wed Nov 07 17:13:06 -0500 2012,1352326386
jenjoan,75,Wed Nov 07 17:13:12 -0500 2012,1352326392
Penny208,84,Wed Nov 07 17:13:17 -0500 2012,1352326397
ADudek,85,Wed Nov 07 17:13:22 -0500 2012,1352326402
alexgen,84,Wed Nov 07 17:13:28 -0500 2012,1352326408
Ivyvigne,87,Wed Nov 07 17:13:33 -0500 2012,1352326413
cahausman,72,Wed Nov 07 17:13:38 -0500 2012,1352326418
flashtastic1,85,Wed Nov 07 17:13:44 -0500 2012,1352326424
JustBecauseFun,90,Wed Nov 07 17:13:49 -0500 2012,1352326429
rachael_yeah,77,Wed Nov 07 17:13:54 -0500 2012,1352326434
LizBats,92,Wed Nov 07 17:14:00 -0500 2012,1352326440
chrissieparklif,91,Wed Nov 07 17:14:05 -0500 2012,1352326445
fiona730,93,Wed Nov 07 17:14:16 -0500 2012,1352326456
intheclouds9,77,Wed Nov 07 17:14:10 -0500 2012,1352326450
NewRoma,90,Wed Nov 07 17:14:21 -0500 2012,1352326461
VelvetandSuede,92,Wed Nov 07 17:14:26 -0500 2012,1352326466
loudmouthsoup,88,Wed Nov 07 17:14:32 -0500 2012,1352326472
fionnay,85,Wed Nov 07 17:14:37 -0500 2012,1352326477
Abelee,79,Wed Nov 07 17:14:43 -0500 2012,1352326483
belle_noiseuse,94,Wed Nov 07 17:14:48 -0500 2012,1352326488
_transistor,92,Wed Nov 07 17:14:54 -0500 2012,1352326494
_transistor,92,Wed Nov 07 17:14:59 -0500 2012,1352326499
MoxyinaBox,66,Wed Nov 07 17:15:04 -0500 2012,1352326504
zippyzippyzippy,86,Wed Nov 07 17:15:10 -0500 2012,1352326510
seesounds,75,Wed Nov 07 17:15:15 -0500 2012,1352326515
_puravida,79,Wed Nov 07 17:15:20 -0500 2012,1352326520
tiny_bria,81,Wed Nov 07 17:15:26 -0500 2012,1352326526
MarleyTXyall,87,Wed Nov 07 17:15:31 -0500 2012,1352326531
Ondy24,90,Wed Nov 07 17:15:36 -0500 2012,1352326536
Coniglia,83,Wed Nov 07 17:15:42 -0500 2012,1352326542
catkos,66,Wed Nov 07 17:15:47 -0500 2012,1352326547
light_reflects,86,Wed Nov 07 17:15:52 -0500 2012,1352326552
T00NLINK,78,Wed Nov 07 17:15:58 -0500 2012,1352326558
laurajut,85,Wed Nov 07 17:16:03 -0500 2012,1352326563
Evie3217,79,Wed Nov 07 17:16:08 -0500 2012,1352326568
rachasaurus,81,Wed Nov 07 17:16:14 -0500 2012,1352326574
T-Lexasaurus,84,Wed Nov 07 17:16:19 -0500 2012,1352326579
wittylyrics,85,Wed Nov 07 17:16:24 -0500 2012,1352326584
Phoebtastic9,87,Wed Nov 07 17:16:35 -0500 2012,1352326595
RckJunkie,85,Wed Nov 07 17:16:30 -0500 2012,1352326590
the_mockingjay,85,Wed Nov 07 17:16:41 -0500 2012,1352326601
Hayitsmeg,87,Wed Nov 07 17:16:46 -0500 2012,1352326606
ecglover,78,Wed Nov 07 17:16:51 -0500 2012,1352326611
SpareTape,92,Wed Nov 07 17:16:56 -0500 2012,1352326616
---katie,67,Wed Nov 07 17:17:02 -0500 2012,1352326622
jessbabe23,78,Wed Nov 07 17:17:07 -0500 2012,1352326627
grayseagirl,84,Wed Nov 07 17:17:12 -0500 2012,1352326632
thedirgni,87,Wed Nov 07 17:17:18 -0500 2012,1352326638
bikinibabi9,91,Wed Nov 07 17:17:23 -0500 2012,1352326643
fox-confessor,70,Wed Nov 07 17:17:29 -0500 2012,1352326649
QuantumJennyG,81,Wed Nov 07 17:17:34 -0500 2012,1352326654
uhhuhoksure,81,Wed Nov 07 17:17:39 -0500 2012,1352326659
gypsywitch,80,Wed Nov 07 17:17:45 -0500 2012,1352326665
Rosanaa,83,Wed Nov 07 17:17:50 -0500 2012,1352326670
LauraRuth,90,Wed Nov 07 17:18:01 -0500 2012,1352326681
mikenziira,81,Wed Nov 07 17:17:55 -0500 2012,1352326675
ElectricLightz,88,Wed Nov 07 17:18:06 -0500 2012,1352326686
rrsadaraverone,92,Wed Nov 07 17:18:12 -0500 2012,1352326692
christinevino,92,Wed Nov 07 17:18:17 -0500 2012,1352326697
krystal_1190,90,Wed Nov 07 17:18:22 -0500 2012,1352326702
veryytrulyyours,83,Wed Nov 07 17:18:28 -0500 2012,1352326708
qwelsorad,89,Wed Nov 07 17:18:33 -0500 2012,1352326713
lje_2,79,Wed Nov 07 17:18:38 -0500 2012,1352326718
jeunething,84,Wed Nov 07 17:18:44 -0500 2012,1352326724
stompy-boots,79,Wed Nov 07 17:18:49 -0500 2012,1352326729
sirensong63,87,Wed Nov 07 17:18:55 -0500 2012,1352326735
hleigh1212,88,Wed Nov 07 17:19:00 -0500 2012,1352326740
TrinaLynne,90,Wed Nov 07 17:19:05 -0500 2012,1352326745
megabucs,89,Wed Nov 07 17:19:11 -0500 2012,1352326751
Shainamazing,85,Wed Nov 07 17:19:16 -0500 2012,1352326756
leevg,93,Wed Nov 07 17:19:27 -0500 2012,1352326767
lessmore7,84,Wed Nov 07 17:19:22 -0500 2012,1352326762
libbyprior,92,Wed Nov 07 17:19:33 -0500 2012,1352326773
mickaWhat,90,Wed Nov 07 17:19:38 -0500 2012,1352326778
pirotesse,76,Wed Nov 07 17:19:43 -0500 2012,1352326783
AndreaZ25,73,Wed Nov 07 17:19:49 -0500 2012,1352326789
bluebird927,68,Wed Nov 07 17:19:54 -0500 2012,1352326794
Lynx1204,77,Wed Nov 07 17:20:00 -0500 2012,1352326800
release-the-bat,94,Wed Nov 07 17:20:05 -0500 2012,1352326805
sassy_674,80,Wed Nov 07 17:20:10 -0500 2012,1352326810
eagle1306,66,Wed Nov 07 17:20:21 -0500 2012,1352326821
krystal_1190,90,Wed Nov 07 17:20:16 -0500 2012,1352326816
Fructose7,89,Wed Nov 07 17:20:27 -0500 2012,1352326827
killingthecat,92,Wed Nov 07 17:20:38 -0500 2012,1352326838
nawwalinabox,84,Wed Nov 07 17:20:32 -0500 2012,1352326832
KyBlue722,79,Wed Nov 07 17:20:43 -0500 2012,1352326843
VAL1ant,87,Wed Nov 07 17:20:49 -0500 2012,1352326849
dit-dash,89,Wed Nov 07 17:20:54 -0500 2012,1352326854
stefanieliza,88,Wed Nov 07 17:21:00 -0500 2012,1352326860
amelia__pond,86,Wed Nov 07 17:21:05 -0500 2012,1352326865
HeyItsKerri,90,Wed Nov 07 17:21:10 -0500 2012,1352326870
--Roxy--,76,Wed Nov 07 17:21:16 -0500 2012,1352326876
smoothunsalted,82,Wed Nov 07 17:21:22 -0500 2012,1352326882
jingletrons,82,Wed Nov 07 17:21:27 -0500 2012,1352326887
Mexyyy,82,Wed Nov 07 17:21:32 -0500 2012,1352326892
pmeskill,86,Wed Nov 07 17:21:38 -0500 2012,1352326898
fionnay,85,Wed Nov 07 17:21:43 -0500 2012,1352326903
BitingBullets,85,Wed Nov 07 17:21:48 -0500 2012,1352326908
seattlejetaime,75,Wed Nov 07 17:21:54 -0500 2012,1352326914
chash1616,87,Wed Nov 07 17:21:59 -0500 2012,1352326919
thisisnotdani,77,Wed Nov 07 17:22:10 -0500 2012,1352326930
_puravida,79,Wed Nov 07 17:22:04 -0500 2012,1352326924
uhhuhoksure,81,Wed Nov 07 17:22:15 -0500 2012,1352326935
ErinMur,86,Wed Nov 07 17:22:20 -0500 2012,1352326940
palimpsestus,83,Wed Nov 07 17:22:26 -0500 2012,1352326946
hyphyann,88,Wed Nov 07 17:22:31 -0500 2012,1352326951
purpledash,87,Wed Nov 07 17:22:38 -0500 2012,1352326958
Eyes_Up_Here,90,Wed Nov 07 17:22:43 -0500 2012,1352326963
sassydynasty,85,Wed Nov 07 17:22:49 -0500 2012,1352326969
Allie_Leigh,70,Wed Nov 07 17:22:54 -0500 2012,1352326974
LauraRuth,90,Wed Nov 07 17:23:00 -0500 2012,1352326980
jessicalyn416,80,Wed Nov 07 17:23:05 -0500 2012,1352326985
britcharl,80,Wed Nov 07 17:23:10 -0500 2012,1352326990
eliza_jd,93,Wed Nov 07 17:23:16 -0500 2012,1352326996
sockchan,81,Wed Nov 07 17:23:21 -0500 2012,1352327001
_ecdysiast_,85,Wed Nov 07 17:23:26 -0500 2012,1352327006
girl43some,91,Wed Nov 07 17:23:32 -0500 2012,1352327012
CoalMineSongs,83,Wed Nov 07 17:23:37 -0500 2012,1352327017
TMM603,78,Wed Nov 07 17:23:43 -0500 2012,1352327023
bess_intentions,90,Wed Nov 07 17:23:48 -0500 2012,1352327028
zzlee,74,Wed Nov 07 17:23:53 -0500 2012,1352327033
RckJunkie,85,Wed Nov 07 17:23:59 -0500 2012,1352327039
Jeslowen,85,Wed Nov 07 17:24:04 -0500 2012,1352327044
ab01,89,Wed Nov 07 17:24:10 -0500 2012,1352327050
vollkenbrot,79,Wed Nov 07 17:24:15 -0500 2012,1352327055
m0untainwoman,82,Wed Nov 07 17:24:21 -0500 2012,1352327061
kimbahleeee,83,Wed Nov 07 17:24:26 -0500 2012,1352327066
k8gaud,96,Wed Nov 07 17:24:31 -0500 2012,1352327071
kaderine07,81,Wed Nov 07 17:24:36 -0500 2012,1352327076
deberlin,81,Wed Nov 07 17:24:42 -0500 2012,1352327082
nickycapb,89,Wed Nov 07 17:24:47 -0500 2012,1352327087
thetam,91,Wed Nov 07 17:24:53 -0500 2012,1352327093
rivalries,88,Wed Nov 07 17:24:58 -0500 2012,1352327098
espresso_sky,89,Wed Nov 07 17:25:03 -0500 2012,1352327103
Krystal_Gail,73,Wed Nov 07 17:25:14 -0500 2012,1352327114
T-Lexasaurus,84,Wed Nov 07 17:25:09 -0500 2012,1352327109
slph022,82,Wed Nov 07 17:25:19 -0500 2012,1352327119
snik_snak,85,Wed Nov 07 17:25:25 -0500 2012,1352327125
laurenb4,89,Wed Nov 07 17:25:30 -0500 2012,1352327130
RarelyAmazed,88,Wed Nov 07 17:25:35 -0500 2012,1352327135
Shootenanny,86,Wed Nov 07 17:25:41 -0500 2012,1352327141
yoyouyue,83,Wed Nov 07 17:25:51 -0500 2012,1352327151
chandria,88,Wed Nov 07 17:25:46 -0500 2012,1352327146
SweetLadyCola,87,Wed Nov 07 17:25:57 -0500 2012,1352327157
allierosie,80,Wed Nov 07 17:26:02 -0500 2012,1352327162
Egaltino,94,Wed Nov 07 17:26:07 -0500 2012,1352327167
SkaryFaery,80,Wed Nov 07 17:26:13 -0500 2012,1352327173
mander_rose,95,Wed Nov 07 17:26:18 -0500 2012,1352327178
Kobblemobble,81,Wed Nov 07 17:26:23 -0500 2012,1352327183
hcsul,90,Wed Nov 07 17:26:29 -0500 2012,1352327189
Kaethe-,78,Wed Nov 07 17:26:34 -0500 2012,1352327194
ourdeal8,89,Wed Nov 07 17:26:39 -0500 2012,1352327199
norevisions,78,Wed Nov 07 17:26:45 -0500 2012,1352327205
MelleBelle1231,89,Wed Nov 07 17:26:50 -0500 2012,1352327210
maebe_funke,78,Wed Nov 07 17:26:55 -0500 2012,1352327215
Grushenka,88,Wed Nov 07 17:27:01 -0500 2012,1352327221
ciao_cara,91,Wed Nov 07 17:27:06 -0500 2012,1352327226
HurricanElaine,87,Wed Nov 07 17:27:11 -0500 2012,1352327231
Voudy,83,Wed Nov 07 17:27:17 -0500 2012,1352327237
zombie_pocalypse,82,Wed Nov 07 17:27:22 -0500 2012,1352327242
Aguella6,87,Wed Nov 07 17:27:33 -0500 2012,1352327253
BitingBullets,85,Wed Nov 07 17:27:27 -0500 2012,1352327247
shortnsouthern,72,Wed Nov 07 17:27:38 -0500 2012,1352327258
Cherie_baby,91,Wed Nov 07 17:27:43 -0500 2012,1352327263
bunnevolence,90,Wed Nov 07 17:27:49 -0500 2012,1352327269
zyrannasaurus,83,Wed Nov 07 17:27:54 -0500 2012,1352327274
nnnicolemarie,92,Wed Nov 07 17:27:59 -0500 2012,1352327279
ElectricSauce,86,Wed Nov 07 17:28:10 -0500 2012,1352327290
sirensong63,87,Wed Nov 07 17:28:05 -0500 2012,1352327285
aroy0013,85,Wed Nov 07 17:28:15 -0500 2012,1352327295
taxine,87,Wed Nov 07 17:28:21 -0500 2012,1352327301
madeleine_9,76,Wed Nov 07 17:28:26 -0500 2012,1352327306
VeritysWeb,82,Wed Nov 07 17:28:31 -0500 2012,1352327311
raineye,81,Wed Nov 07 17:28:37 -0500 2012,1352327317
melhanna,80,Wed Nov 07 17:28:42 -0500 2012,1352327322
grayseagirl,84,Wed Nov 07 17:28:47 -0500 2012,1352327327
Egaltino,94,Wed Nov 07 17:28:53 -0500 2012,1352327333
Fitmk523,83,Wed Nov 07 17:28:58 -0500 2012,1352327338
thedirgni,87,Wed Nov 07 17:29:04 -0500 2012,1352327344
mellauren,65,Wed Nov 07 17:29:09 -0500 2012,1352327349
orangescarves,77,Wed Nov 07 17:29:15 -0500 2012,1352327355
synaptic_self,71,Wed Nov 07 17:29:20 -0500 2012,1352327360
zombie_pocalypse,82,Wed Nov 07 17:29:25 -0500 2012,1352327365
Linds_86,94,Wed Nov 07 17:29:31 -0500 2012,1352327371
kate0185,70,Wed Nov 07 17:29:36 -0500 2012,1352327376
lrotman,82,Wed Nov 07 17:29:41 -0500 2012,1352327381
LizBats,92,Wed Nov 07 17:29:52 -0500 2012,1352327392
CourtneyJM,73,Wed Nov 07 17:29:47 -0500 2012,1352327387
molldolltron,87,Wed Nov 07 17:29:57 -0500 2012,1352327397
UneMarguerite,86,Wed Nov 07 17:30:09 -0500 2012,1352327409
ClairGris,78,Wed Nov 07 17:30:03 -0500 2012,1352327403
keana289,69,Wed Nov 07 17:30:14 -0500 2012,1352327414
krystal_1190,90,Wed Nov 07 17:30:25 -0500 2012,1352327425
bridgetph,87,Wed Nov 07 17:30:20 -0500 2012,1352327420
sarahmaryf,82,Wed Nov 07 17:30:31 -0500 2012,1352327431
EKMcD,72,Wed Nov 07 17:30:36 -0500 2012,1352327436
marissavera,74,Wed Nov 07 17:30:41 -0500 2012,1352327441
cmyk_4324,84,Wed Nov 07 17:30:47 -0500 2012,1352327447
lizilize88,74,Wed Nov 07 17:30:52 -0500 2012,1352327452
TxakolinaRose,82,Wed Nov 07 17:30:57 -0500 2012,1352327457
liabobia,69,Wed Nov 07 17:31:03 -0500 2012,1352327463
lulu_chalupa,75,Wed Nov 07 17:31:08 -0500 2012,1352327468
Marnia87,85,Wed Nov 07 17:31:13 -0500 2012,1352327473
littlebee141,83,Wed Nov 07 17:31:19 -0500 2012,1352327479
ashinboston,78,Wed Nov 07 17:31:24 -0500 2012,1352327484
alexandrastic,80,Wed Nov 07 17:31:29 -0500 2012,1352327489
tjt2013,89,Wed Nov 07 17:31:35 -0500 2012,1352327495
muertaenunfuego,77,Wed Nov 07 17:31:40 -0500 2012,1352327500
thecitymorgue,86,Wed Nov 07 17:31:46 -0500 2012,1352327506
BeccaG522,79,Wed Nov 07 17:31:51 -0500 2012,1352327511
Duckyfen,90,Wed Nov 07 17:31:56 -0500 2012,1352327516
mbarker13,89,Wed Nov 07 17:32:02 -0500 2012,1352327522
rachafter,80,Wed Nov 07 17:32:08 -0500 2012,1352327528
nawwalinabox,84,Wed Nov 07 17:32:13 -0500 2012,1352327533
yosoyleah,92,Wed Nov 07 17:32:18 -0500 2012,1352327538
lkph-lkph,92,Wed Nov 07 17:32:29 -0500 2012,1352327549
_transistor,92,Wed Nov 07 17:32:24 -0500 2012,1352327544
Kobblemobble,81,Wed Nov 07 17:32:34 -0500 2012,1352327554
Kellcore,76,Wed Nov 07 17:32:45 -0500 2012,1352327565
Mb06003,72,Wed Nov 07 17:32:40 -0500 2012,1352327560
Mgn1987,84,Wed Nov 07 17:32:50 -0500 2012,1352327570
BisexualDyke,77,Wed Nov 07 17:33:01 -0500 2012,1352327581
_fantastica,69,Wed Nov 07 17:32:56 -0500 2012,1352327576
fiona730,93,Wed Nov 07 17:33:06 -0500 2012,1352327586
Elizca,91,Wed Nov 07 17:33:12 -0500 2012,1352327592
RosanaTheSelkie,73,Wed Nov 07 17:33:17 -0500 2012,1352327597
---katie,67,Wed Nov 07 17:33:23 -0500 2012,1352327603
bostongirl845,82,Wed Nov 07 17:33:28 -0500 2012,1352327608
tttana,74,Wed Nov 07 17:33:33 -0500 2012,1352327613
palul20l,78,Wed Nov 07 17:33:39 -0500 2012,1352327619
isleepatnight,84,Wed Nov 07 17:33:44 -0500 2012,1352327624
rsquire826,91,Wed Nov 07 17:33:50 -0500 2012,1352327630
AfroChicka,73,Wed Nov 07 17:33:55 -0500 2012,1352327635
MarleyTXyall,87,Wed Nov 07 17:34:00 -0500 2012,1352327640
meaagan,87,Wed Nov 07 17:34:06 -0500 2012,1352327646
whatsaywhat,85,Wed Nov 07 17:34:11 -0500 2012,1352327651
espresso_sky,89,Wed Nov 07 17:34:16 -0500 2012,1352327656
TRC22,85,Wed Nov 07 17:34:22 -0500 2012,1352327662
non_pareil,72,Wed Nov 07 17:34:27 -0500 2012,1352327667
baepik,86,Wed Nov 07 17:34:32 -0500 2012,1352327672
bucoedgrrl,85,Wed Nov 07 17:34:38 -0500 2012,1352327678
boomphead,84,Wed Nov 07 17:34:43 -0500 2012,1352327683
ThreeToTheBeach,79,Wed Nov 07 17:34:54 -0500 2012,1352327694
electro_santa,83,Wed Nov 07 17:34:49 -0500 2012,1352327689
Sarbear521,73,Wed Nov 07 17:34:59 -0500 2012,1352327699
melissakaitlyn,83,Wed Nov 07 17:35:10 -0500 2012,1352327710
daft_funk,86,Wed Nov 07 17:35:05 -0500 2012,1352327705
Aimee1012,91,Wed Nov 07 17:35:16 -0500 2012,1352327716
BridalBones,81,Wed Nov 07 17:35:21 -0500 2012,1352327721
Lil_WC,74,Wed Nov 07 17:35:26 -0500 2012,1352327726
curlyneighbor,76,Wed Nov 07 17:35:32 -0500 2012,1352327732
KyBlue722,79,Wed Nov 07 17:35:37 -0500 2012,1352327737
belle_noiseuse,94,Wed Nov 07 17:35:42 -0500 2012,1352327742
ninabean928,74,Wed Nov 07 17:35:48 -0500 2012,1352327748
galacticcadet,89,Wed Nov 07 17:35:53 -0500 2012,1352327753
racg874095,82,Wed Nov 07 17:35:59 -0500 2012,1352327759
HanL808,74,Wed Nov 07 17:36:04 -0500 2012,1352327764
j_hope,81,Wed Nov 07 17:36:09 -0500 2012,1352327769
Jumpinggel,83,Wed Nov 07 17:36:15 -0500 2012,1352327775
aedolon8,91,Wed Nov 07 17:36:26 -0500 2012,1352327786
chrysss,94,Wed Nov 07 17:36:20 -0500 2012,1352327780
chrissieparklif,91,Wed Nov 07 17:36:31 -0500 2012,1352327791
B_Sexton,85,Wed Nov 07 17:36:42 -0500 2012,1352327802
pomegranitetron,91,Wed Nov 07 17:36:36 -0500 2012,1352327796
cakesalad,82,Wed Nov 07 17:36:47 -0500 2012,1352327807
nerdyflirty1365,87,Wed Nov 07 17:36:58 -0500 2012,1352327818
litttlejenn,69,Wed Nov 07 17:36:52 -0500 2012,1352327812
KeepUpNow,93,Wed Nov 07 17:37:03 -0500 2012,1352327823
Gypsylion_Khya,89,Wed Nov 07 17:37:08 -0500 2012,1352327828
Jeslowen,85,Wed Nov 07 17:37:14 -0500 2012,1352327834
sassy_674,80,Wed Nov 07 17:37:19 -0500 2012,1352327839
kjm1989,89,Wed Nov 07 17:37:30 -0500 2012,1352327850
Killumineight,79,Wed Nov 07 17:37:25 -0500 2012,1352327845
DidoOfCarthage,74,Wed Nov 07 17:37:35 -0500 2012,1352327855
killingthecat,92,Wed Nov 07 17:37:46 -0500 2012,1352327866
ciao_cara,91,Wed Nov 07 17:37:41 -0500 2012,1352327861
Erins52,80,Wed Nov 07 17:37:51 -0500 2012,1352327871
socialistthreat,78,Wed Nov 07 17:37:57 -0500 2012,1352327877
Markelita,77,Wed Nov 07 17:38:02 -0500 2012,1352327882
samanthasarah,74,Wed Nov 07 17:38:08 -0500 2012,1352327888
christinevino,92,Wed Nov 07 17:38:19 -0500 2012,1352327899
elisharaye,78,Wed Nov 07 17:38:13 -0500 2012,1352327893
Egaltino,94,Wed Nov 07 17:38:24 -0500 2012,1352327904
AmusedAbsurdity,88,Wed Nov 07 17:38:29 -0500 2012,1352327909
Abigail_Normal,87,Wed Nov 07 17:38:35 -0500 2012,1352327915
bridgetph,87,Wed Nov 07 17:38:40 -0500 2012,1352327920
amanda_g22,64,Wed Nov 07 17:38:45 -0500 2012,1352327925
phlogisticator,89,Wed Nov 07 17:38:51 -0500 2012,1352327931
lessmore7,84,Wed Nov 07 17:38:56 -0500 2012,1352327936
jessicadunaway,81,Wed Nov 07 17:39:01 -0500 2012,1352327941
derangedQ,92,Wed Nov 07 17:39:07 -0500 2012,1352327947
KCsays,88,Wed Nov 07 17:39:12 -0500 2012,1352327952
ldyred,71,Wed Nov 07 17:39:17 -0500 2012,1352327957
maskedgrrrl,76,Wed Nov 07 17:39:23 -0500 2012,1352327963
tiana826,84,Wed Nov 07 17:39:28 -0500 2012,1352327968
marvelsmarbles,74,Wed Nov 07 17:39:40 -0500 2012,1352327980
jkclazare,87,Wed Nov 07 17:39:34 -0500 2012,1352327974
sadinly,71,Wed Nov 07 17:39:45 -0500 2012,1352327985
Linds_86,94,Wed Nov 07 17:39:50 -0500 2012,1352327990
Terrastrial,77,Wed Nov 07 17:39:56 -0500 2012,1352327996
VAL1ant,87,Wed Nov 07 17:40:01 -0500 2012,1352328001
AlmostLightning,67,Wed Nov 07 17:40:06 -0500 2012,1352328006
LipstickVouge,93,Wed Nov 07 17:40:12 -0500 2012,1352328012
mikenziira,81,Wed Nov 07 17:40:17 -0500 2012,1352328017
Mjmp2424,70,Wed Nov 07 17:40:22 -0500 2012,1352328022
Evie3217,79,Wed Nov 07 17:40:27 -0500 2012,1352328027
Jacky-O,95,Wed Nov 07 17:40:33 -0500 2012,1352328033
foureyedfuried,81,Wed Nov 07 17:40:38 -0500 2012,1352328038
AnnieHavoc,71,Wed Nov 07 17:40:44 -0500 2012,1352328044
eternalcow,87,Wed Nov 07 17:40:49 -0500 2012,1352328049
DustyRose007,86,Wed Nov 07 17:40:54 -0500 2012,1352328054
kaymaca,84,Wed Nov 07 17:41:00 -0500 2012,1352328060
--angela,91,Wed Nov 07 17:41:05 -0500 2012,1352328065
firewalkwithmeee,81,Wed Nov 07 17:41:10 -0500 2012,1352328070
eliza_jd,93,Wed Nov 07 17:41:16 -0500 2012,1352328076
Jaynines,85,Wed Nov 07 17:41:21 -0500 2012,1352328081
bumblebee991,84,Wed Nov 07 17:41:26 -0500 2012,1352328086
yoyouyue,83,Wed Nov 07 17:41:32 -0500 2012,1352328092
nickycapb,89,Wed Nov 07 17:41:37 -0500 2012,1352328097
sassyshiksa,81,Wed Nov 07 17:41:42 -0500 2012,1352328102
masticatrix,92,Wed Nov 07 17:41:48 -0500 2012,1352328108
KaeM16,64,Wed Nov 07 17:41:53 -0500 2012,1352328113
rolinca,76,Wed Nov 07 17:41:58 -0500 2012,1352328118
Kaytee986,81,Wed Nov 07 17:42:04 -0500 2012,1352328124
Leemo12,70,Wed Nov 07 17:42:09 -0500 2012,1352328129
lexael,87,Wed Nov 07 17:42:14 -0500 2012,1352328134
RarelyAmazed,88,Wed Nov 07 17:42:20 -0500 2012,1352328140
UneMarguerite,86,Wed Nov 07 17:42:25 -0500 2012,1352328145
megabucs,89,Wed Nov 07 17:42:30 -0500 2012,1352328150
lulu_chalupa,75,Wed Nov 07 17:42:36 -0500 2012,1352328156
frankie26tron,73,Wed Nov 07 17:42:41 -0500 2012,1352328161
heyheynownownow,91,Wed Nov 07 17:42:46 -0500 2012,1352328166
Lizzster33,81,Wed Nov 07 17:42:52 -0500 2012,1352328172
Fructose7,89,Wed Nov 07 17:42:58 -0500 2012,1352328178
Chanelleasaurus,94,Wed Nov 07 17:43:03 -0500 2012,1352328183
Phylidia,83,Wed Nov 07 17:43:08 -0500 2012,1352328188
valern,83,Wed Nov 07 17:43:14 -0500 2012,1352328194
ciao_cara,91,Wed Nov 07 17:43:19 -0500 2012,1352328199
k8gaud,96,Wed Nov 07 17:43:24 -0500 2012,1352328204
christinevino,92,Wed Nov 07 17:43:30 -0500 2012,1352328210
SgtPepperjack,77,Wed Nov 07 17:43:35 -0500 2012,1352328215
anaontheprowl,91,Wed Nov 07 17:43:40 -0500 2012,1352328220
debaser_taco,94,Wed Nov 07 17:43:46 -0500 2012,1352328226
zombie_pocalypse,82,Wed Nov 07 17:43:51 -0500 2012,1352328231
dana4578,72,Wed Nov 07 17:43:56 -0500 2012,1352328236
Alanasauras,73,Wed Nov 07 17:44:02 -0500 2012,1352328242
CarlitaB,80,Wed Nov 07 17:44:07 -0500 2012,1352328247
ParadeOFobjects,82,Wed Nov 07 17:44:12 -0500 2012,1352328252
HannahSam,88,Wed Nov 07 17:44:18 -0500 2012,1352328258
microsarahology,91,Wed Nov 07 17:44:23 -0500 2012,1352328263
AmyBearorduckie,86,Wed Nov 07 17:44:28 -0500 2012,1352328268
aroy0013,85,Wed Nov 07 17:44:34 -0500 2012,1352328274
maydaymaydaymay,73,Wed Nov 07 17:44:39 -0500 2012,1352328279
light_reflects,86,Wed Nov 07 17:44:50 -0500 2012,1352328290
xXxBETTYxXx,81,Wed Nov 07 17:44:44 -0500 2012,1352328284
Kimpressive,83,Wed Nov 07 17:44:55 -0500 2012,1352328295
Gabrielle85,86,Wed Nov 07 17:45:06 -0500 2012,1352328306
of-california,87,Wed Nov 07 17:45:00 -0500 2012,1352328300
hbananz,78,Wed Nov 07 17:45:11 -0500 2012,1352328311
baepik,86,Wed Nov 07 17:45:16 -0500 2012,1352328316
yoyouyue,83,Wed Nov 07 17:45:22 -0500 2012,1352328322
srose102,76,Wed Nov 07 17:45:27 -0500 2012,1352328327
liz11685,78,Wed Nov 07 17:45:33 -0500 2012,1352328333
Laura_e_k,91,Wed Nov 07 17:45:38 -0500 2012,1352328338
LipstickVouge,93,Wed Nov 07 17:45:43 -0500 2012,1352328343
rrsadaraverone,92,Wed Nov 07 17:45:49 -0500 2012,1352328349
derangedQ,92,Wed Nov 07 17:45:54 -0500 2012,1352328354
Suzypersian,82,Wed Nov 07 17:45:59 -0500 2012,1352328359
cwombat,93,Wed Nov 07 17:46:05 -0500 2012,1352328365
Berger228,74,Wed Nov 07 17:46:10 -0500 2012,1352328370
maliajane,79,Wed Nov 07 17:46:21 -0500 2012,1352328381
XoXoMarley,89,Wed Nov 07 17:46:15 -0500 2012,1352328375
freshandrad,85,Wed Nov 07 17:46:26 -0500 2012,1352328386
valadamski,88,Wed Nov 07 17:46:37 -0500 2012,1352328397
elephant_tree,87,Wed Nov 07 17:46:31 -0500 2012,1352328391
eliza_jd,93,Wed Nov 07 17:46:48 -0500 2012,1352328408
JessyDrastic,90,Wed Nov 07 17:46:42 -0500 2012,1352328402
blw430,68,2012-11-07 20:19:58 -0500,1352337598
joypowers,84,2012-11-07 20:20:04 -0500,1352337604
vickie852,84,2012-11-10 17:04:10 -0500,1352585050
ourdeal8,93,2012-11-10 17:04:12 -0500,1352585052
thecon007,76,2012-11-10 17:04:15 -0500,1352585055
emshoe,63,2012-11-10 17:04:17 -0500,1352585057
Ailo12,73,2012-11-10 17:04:20 -0500,1352585060
Meralee,85,2012-11-10 17:04:22 -0500,1352585062
MBactive,91,2012-11-10 17:04:25 -0500,1352585065
Hogue_Dynasty,78,2012-11-10 17:04:27 -0500,1352585067
ahhpeachsnapple,76,2012-11-10 17:04:30 -0500,1352585070
StartswithQ,76,2012-11-10 17:04:32 -0500,1352585072
BschoolBrit,70,2012-11-10 17:04:34 -0500,1352585074
PamHaleN,88,2012-11-10 17:04:37 -0500,1352585077
allierosie,87,2012-11-10 17:04:39 -0500,1352585079
Kel225,83,2012-11-10 17:04:42 -0500,1352585082
nihaowa,80,2012-11-10 17:04:44 -0500,1352585084
mmeghannn,85,2012-11-10 17:04:47 -0500,1352585087
thecitymorgue,85,2012-11-10 17:04:49 -0500,1352585089
shawna_g,87,2012-11-10 17:04:51 -0500,1352585091
Jules419,90,2012-11-10 17:04:54 -0500,1352585094
orangejuice22,64,2012-11-10 17:04:57 -0500,1352585097
elminato,79,2012-11-10 17:04:59 -0500,1352585099
Lttllmb,85,2012-11-10 17:05:01 -0500,1352585101
Flowers53,83,2012-11-10 17:05:04 -0500,1352585104
erikaamerika,75,2012-11-10 17:05:07 -0500,1352585107
Jean_Riv,78,2012-11-10 17:05:09 -0500,1352585109
knockoutx,79,2012-11-10 17:05:11 -0500,1352585111
jum498,76,2012-11-10 17:05:14 -0500,1352585114
arb39inabox,78,2012-11-10 17:05:16 -0500,1352585116
zyrannasaurus,81,2012-11-10 17:05:19 -0500,1352585119
release-the-bat,75,2012-11-10 17:05:22 -0500,1352585122
lizardaroo,80,2012-11-10 17:05:24 -0500,1352585124
lingzuma,86,2012-11-10 17:05:27 -0500,1352585127
LindseyRose576,81,2012-11-10 17:05:29 -0500,1352585129
independentheart,85,2012-11-10 17:05:32 -0500,1352585132
Jtabs_cat,78,2012-11-10 17:05:35 -0500,1352585135
beeing-me,70,2012-11-10 17:05:37 -0500,1352585137
queeniemonster,79,2012-11-10 17:05:40 -0500,1352585140
palimpsestus,76,2012-11-10 17:05:42 -0500,1352585142
theungoddess,89,2012-11-10 17:05:45 -0500,1352585145
Scarles,82,2012-11-10 17:05:47 -0500,1352585147
mwildhack,73,2012-11-10 17:05:50 -0500,1352585150
ChesireSmile,72,2012-11-10 17:05:52 -0500,1352585152
Nubbin11,87,2012-11-10 17:05:55 -0500,1352585155
lyra_luna,80,2012-11-10 17:05:57 -0500,1352585157
pnutinabox,87,2012-11-10 17:06:00 -0500,1352585160
ashbots,70,2012-11-10 17:06:02 -0500,1352585162
LRvintagegirl,86,2012-11-10 17:06:05 -0500,1352585165
jocjams,73,2012-11-10 17:06:07 -0500,1352585167
Boston187,67,2012-11-10 17:06:10 -0500,1352585170
LaughL0veLiv3,76,2012-11-10 17:06:12 -0500,1352585172
bostongrey,68,2012-11-10 17:14:07 -0500,1352585647
uhhuhoksure,77,2012-11-10 17:14:18 -0500,1352585658
VeritysWeb,80,2012-11-10 17:14:28 -0500,1352585668
ab01,89,2012-11-10 17:14:39 -0500,1352585679
CambLady,83,2012-11-10 17:14:49 -0500,1352585689
"","",2012-11-10 17:27:51 -0500,1352586471
LL2211,79,2012-11-10 17:27:53 -0500,1352586473
Kel225,80,2012-11-10 17:27:54 -0500,1352586474
sidgirl,90,2012-11-10 17:27:56 -0500,1352586476
ljyob,75,2012-11-10 17:27:57 -0500,1352586477
Malrissa,75,2012-11-10 17:27:59 -0500,1352586479
tetraodontidae,78,2012-11-10 17:28:00 -0500,1352586480
_alert_,76,2012-11-10 17:28:02 -0500,1352586482
gorgeousginny,93,2012-11-10 17:28:03 -0500,1352586483
doctorspacesam,79,2012-11-10 17:28:05 -0500,1352586485
kiehmie,89,2012-11-10 17:28:06 -0500,1352586486
cathyseldon,77,2012-11-10 17:28:08 -0500,1352586488
shawna_g,87,2012-11-10 17:28:10 -0500,1352586490
IMsnooklez,66,2012-11-10 17:28:11 -0500,1352586491
laurajut,81,2012-11-10 17:28:13 -0500,1352586493
ladyjustice6,75,2012-11-10 17:28:14 -0500,1352586494
disadulation,82,2012-11-10 17:28:16 -0500,1352586496
chocobubbles,80,2012-11-10 17:28:17 -0500,1352586497
Carlanne,87,2012-11-10 17:28:19 -0500,1352586499
hazefl,73,2012-11-10 17:28:21 -0500,1352586501
centralsqure,66,2012-11-10 17:28:22 -0500,1352586502
annafelloff,79,2012-11-10 17:28:24 -0500,1352586504
phoenixrinna167,85,2012-11-10 17:28:25 -0500,1352586505
_beetle_,79,2012-11-10 17:28:27 -0500,1352586507
_beetle_,79,2012-11-10 17:28:28 -0500,1352586508
dmhtx12,78,2012-11-10 17:28:30 -0500,1352586510
mloyal,89,2012-11-10 17:28:31 -0500,1352586511
EKF1117,85,2012-11-10 17:28:33 -0500,1352586513
ercetera,91,2012-11-10 17:28:34 -0500,1352586514
bunnevolence,80,2012-11-10 17:29:06 -0500,1352586546
sgraffito102,60,2012-11-10 17:32:22 -0500,1352586742
la_zawa,89,2012-11-10 17:33:17 -0500,1352586797
sallysfields,81,2012-11-10 17:34:06 -0500,1352586846
palimpsestus,76,2012-11-10 17:34:54 -0500,1352586894
whimsicalvee,73,2012-11-10 17:35:39 -0500,1352586939
miss_maren,84,2012-11-10 17:42:35 -0500,1352587355
Flowpo,81,2012-11-10 17:43:15 -0500,1352587395
kaderine07,77,2012-11-10 17:43:53 -0500,1352587433
wunderdome,85,2012-11-10 17:44:40 -0500,1352587480
stopthatfrog,79,2012-11-10 17:45:25 -0500,1352587525
kser7280,87,2012-11-10 17:46:13 -0500,1352587573
Missy1019,85,2012-11-10 17:47:01 -0500,1352587621
cravenearth,82,2012-11-10 17:47:52 -0500,1352587672
--Roxy--,77,2012-11-10 17:48:29 -0500,1352587709
sirensong63,79,2012-11-10 17:49:20 -0500,1352587760
fenicedautun,87,2012-11-10 17:57:16 -0500,1352588236
gina_gizella,71,2012-11-10 17:58:05 -0500,1352588285
Flowers53,83,2012-11-10 17:58:46 -0500,1352588326
shortnsouthern,84,2012-11-10 17:58:50 -0500,1352588330
BeccaK1031,84,2012-11-10 17:58:53 -0500,1352588333
ajwyman,85,2012-11-10 17:58:57 -0500,1352588337
ajwyman,85,2012-11-10 17:59:00 -0500,1352588340
roselily87,61,2012-11-10 17:59:04 -0500,1352588344
Alexandra_E,86,2012-11-10 17:59:07 -0500,1352588347
Snowie7,90,2012-11-10 17:59:11 -0500,1352588351
peanut0404,84,2012-11-10 17:59:14 -0500,1352588354
High_Hopesx,89,2012-11-10 17:59:18 -0500,1352588358
one-flew-over,81,2012-11-10 17:59:22 -0500,1352588362
Hayitsmeg,81,2012-11-10 17:59:25 -0500,1352588365
rousette,90,2012-11-10 17:59:29 -0500,1352588369
oak_soph,90,2012-11-10 17:59:32 -0500,1352588372
ebg126,76,2012-11-10 17:59:36 -0500,1352588376
hockey2243,81,2012-11-10 17:59:39 -0500,1352588379
gilagarta,80,2012-11-10 17:59:43 -0500,1352588383
kmr56,80,2012-11-10 17:59:46 -0500,1352588386
burntmarshmelow,87,2012-11-10 17:59:50 -0500,1352588390
Stephington,78,2012-11-10 17:59:53 -0500,1352588393
lachupacabraj,70,2012-11-10 17:59:56 -0500,1352588396
lkph-lkph,85,2012-11-10 18:00:00 -0500,1352588400
amelia__pond,78,2012-11-10 18:00:03 -0500,1352588403
rockstarbyday,91,2012-11-10 18:00:07 -0500,1352588407
Kellcore,76,2012-11-10 18:00:10 -0500,1352588410
jukeboxx88,84,2012-11-10 18:00:14 -0500,1352588414
bbeccaaa,60,2012-11-10 18:00:17 -0500,1352588417
mrsfridaynext,75,2012-11-10 18:00:21 -0500,1352588421
flashtastic1,77,2012-11-10 18:00:24 -0500,1352588424
Grushenka,81,2012-11-10 18:00:28 -0500,1352588428
-AnaBanana-,69,2012-11-10 18:00:31 -0500,1352588431
mickaWhat,83,2012-11-10 18:00:35 -0500,1352588435
thecolorrachel,76,2012-11-10 18:00:38 -0500,1352588438
I_am_kara_lynn,90,2012-11-10 18:00:42 -0500,1352588442
theorize_this,83,2012-11-10 18:00:46 -0500,1352588446
picocurie,85,2012-11-10 18:00:49 -0500,1352588449
Its_Jill,66,2012-11-10 18:00:54 -0500,1352588454
InsidiousPie,88,2012-11-10 18:00:57 -0500,1352588457
dialmformorgan,76,2012-11-10 18:01:01 -0500,1352588461
rcoogan,75,2012-11-10 18:01:04 -0500,1352588464
Jstreak,88,2012-11-10 18:01:08 -0500,1352588468
diamoond,84,2012-11-10 18:01:11 -0500,1352588471
Meralee,88,2012-11-10 18:01:15 -0500,1352588475
ShitsNGigglez4,93,2012-11-10 18:01:18 -0500,1352588478
marytgann,70,2012-11-10 18:01:21 -0500,1352588481
tiana826,86,2012-11-10 18:01:25 -0500,1352588485
bostonbadger89,85,2012-11-10 18:01:28 -0500,1352588488
completelynicki,60,2012-11-10 18:01:32 -0500,1352588492
Meg1386,75,2012-11-10 18:01:35 -0500,1352588495
mnm04,84,2012-11-10 18:01:39 -0500,1352588499
Chanelleasaurus,88,2012-11-10 18:01:42 -0500,1352588502
jessstein,83,2012-11-10 18:01:46 -0500,1352588506
cheetah33,84,2012-11-10 18:01:49 -0500,1352588509
grambling,81,2012-11-10 18:01:52 -0500,1352588512
LynnJoan,64,2012-11-10 18:01:56 -0500,1352588516
Julie171,86,2012-11-10 18:02:00 -0500,1352588520
Lanzamilano,90,2012-11-10 18:02:03 -0500,1352588523
BitingBullets,72,2012-11-10 18:02:07 -0500,1352588527
032682,76,2012-11-10 18:02:10 -0500,1352588530
petuniachickie,84,2012-11-10 18:02:14 -0500,1352588534
Carlanne,87,2012-11-10 18:02:17 -0500,1352588537
pop_quiz_kid,69,2012-11-10 18:02:20 -0500,1352588540
nurit,91,2012-11-10 18:02:24 -0500,1352588544
rellend,85,2012-11-10 18:02:27 -0500,1352588547
nahanik,73,2012-11-10 18:02:31 -0500,1352588551
May_Elizabeth,83,2012-11-10 18:02:34 -0500,1352588554
vollkenbrot,80,2012-11-10 18:02:38 -0500,1352588558
thisisnotdani,84,2012-11-10 18:02:41 -0500,1352588561
ciao_cara,79,2012-11-10 18:02:45 -0500,1352588565
stellablu86,83,2012-11-10 18:02:48 -0500,1352588568
mpetitelife,76,2012-11-10 18:02:52 -0500,1352588572
Christie_Fusco,66,2012-11-10 18:02:55 -0500,1352588575
mhmmdasme,77,2012-11-10 18:02:58 -0500,1352588578
dmwinter1088,66,2012-11-10 18:03:02 -0500,1352588582
veryytrulyyours,77,2012-11-10 18:03:05 -0500,1352588585
banchar,79,2012-11-10 18:03:09 -0500,1352588589
ourdeal8,94,2012-11-10 18:03:12 -0500,1352588592
DancinDiva1983,87,2012-11-10 18:03:16 -0500,1352588596
buffiemouse,83,2012-11-10 18:03:19 -0500,1352588599
aameliee,87,2012-11-10 18:03:23 -0500,1352588603
mec0313,80,2012-11-10 18:03:26 -0500,1352588606
Etibkrahs,78,2012-11-10 18:03:30 -0500,1352588610
Veronique101,90,2012-11-10 18:03:33 -0500,1352588613
bonfreit,74,2012-11-10 18:03:37 -0500,1352588617
EpicuriousJenn,74,2012-11-10 18:03:40 -0500,1352588620
marissavera,80,2012-11-10 18:03:44 -0500,1352588624
jsarah16,82,2012-11-10 18:03:47 -0500,1352588627
melodydoll,88,2012-11-10 18:03:50 -0500,1352588630
Valeriexo,77,2012-11-10 18:03:54 -0500,1352588634
Char49,74,2012-11-10 18:03:57 -0500,1352588637
clarityseeking,76,2012-11-10 18:04:01 -0500,1352588641
brooklynsun,84,2012-11-10 18:04:04 -0500,1352588644
adlerirene,73,2012-11-10 18:04:08 -0500,1352588648
pnutinabox,89,2012-11-10 18:04:11 -0500,1352588651
3winston23,74,2012-11-10 18:04:15 -0500,1352588655
kcr5,66,2012-11-10 18:04:18 -0500,1352588658
ignition_remix,74,2012-11-10 18:04:22 -0500,1352588662
LipstickVouge,89,2012-11-10 18:04:25 -0500,1352588665
tin_house,85,2012-11-10 18:04:29 -0500,1352588669
hmski,74,2012-11-10 18:04:32 -0500,1352588672
Seemake,77,2012-11-10 18:04:37 -0500,1352588677
Veronique101,90,2012-11-10 18:04:40 -0500,1352588680
DerangeD23,82,2012-11-10 18:04:44 -0500,1352588684
maebe83,86,2012-11-10 18:04:47 -0500,1352588687
chibipaco,80,2012-11-10 18:04:50 -0500,1352588690
agnelle,79,2012-11-10 18:04:54 -0500,1352588694
espressobeany,77,2012-11-10 18:04:57 -0500,1352588697
RayRay0815,90,2012-11-10 18:05:01 -0500,1352588701
bottleofjoules,64,2012-11-10 18:05:05 -0500,1352588705
thisisnotdani,84,2012-11-10 18:05:08 -0500,1352588708
light_reflects,83,2012-11-10 18:05:12 -0500,1352588712
ErinMur,87,2012-11-10 18:05:15 -0500,1352588715
AlluringGeek,87,2012-11-10 18:05:19 -0500,1352588719
JaneBird,61,2012-11-10 18:05:22 -0500,1352588722
Banana_85,83,2012-11-10 18:05:25 -0500,1352588725
melissasueee,84,2012-11-10 18:05:29 -0500,1352588729
michelalala,75,2012-11-10 18:05:32 -0500,1352588732
kew0711,75,2012-11-10 18:05:36 -0500,1352588736
PamHaleN,91,2012-11-10 18:05:39 -0500,1352588739
storyshaped,79,2012-11-10 18:05:43 -0500,1352588743
sirensong63,80,2012-11-10 18:05:46 -0500,1352588746
ikilledkennedy,81,2012-11-10 18:05:50 -0500,1352588750
kser7280,88,2012-11-10 18:05:54 -0500,1352588754
rellend,85,2012-11-10 18:05:57 -0500,1352588757
smoothunsalted,81,2012-11-10 18:06:00 -0500,1352588760
erikaamerika,73,2012-11-10 18:06:04 -0500,1352588764
CaseA,85,2012-11-10 18:06:07 -0500,1352588767
rivalries,90,2012-11-10 18:06:11 -0500,1352588771
GrrArghh86,81,2012-11-10 18:06:14 -0500,1352588774
mcinsm,80,2012-11-10 18:06:18 -0500,1352588778
T00NLINK,73,2012-11-10 18:06:21 -0500,1352588781
ladyjustice6,76,2012-11-10 18:06:24 -0500,1352588784
prettyinpink611,81,2012-11-10 18:06:28 -0500,1352588788
tinajayy,77,2012-11-10 18:06:31 -0500,1352588791
gernyu,66,2012-11-10 18:06:35 -0500,1352588795
VB97,79,2012-11-10 18:06:38 -0500,1352588798
laurajut,81,2012-11-10 18:06:42 -0500,1352588802
minervacyy,80,2012-11-10 18:06:45 -0500,1352588805
JetFleaCity,92,2012-11-10 18:06:49 -0500,1352588809
CityLights917,73,2012-11-10 18:06:52 -0500,1352588812
_JoannaBanana_,88,2012-11-10 18:06:56 -0500,1352588816
n37713,77,2012-11-10 18:06:59 -0500,1352588819
MPS406,76,2012-11-10 18:07:02 -0500,1352588822
302erica,70,2012-11-10 18:07:06 -0500,1352588826
mallorieekstr%C3%B6m,81,2012-11-10 18:07:09 -0500,1352588829
bathtubdjinn,79,2012-11-10 18:07:13 -0500,1352588833
allierosie,82,2012-11-10 18:07:17 -0500,1352588837
Zinnia5,74,2012-11-10 18:07:20 -0500,1352588840
imolivia_,73,2012-11-10 18:07:24 -0500,1352588844
runinthesun5,75,2012-11-10 18:07:27 -0500,1352588847
Jeanie99,77,2012-11-10 18:07:31 -0500,1352588851
awesome0saurus,74,2012-11-10 18:07:34 -0500,1352588854
MargerieSB,85,2012-11-10 18:07:38 -0500,1352588858
BeccaG522,87,2012-11-10 18:07:41 -0500,1352588861
srose102,79,2012-11-10 18:07:45 -0500,1352588865
LynnJoan,64,2012-11-10 18:07:48 -0500,1352588868
jul07,86,2012-11-10 18:07:51 -0500,1352588871
jessicadunaway,82,2012-11-10 18:07:55 -0500,1352588875
troy_barnes,78,2012-11-10 18:07:58 -0500,1352588878
mustbedreaming,87,2012-11-10 18:08:02 -0500,1352588882
nurit,91,2012-11-10 18:08:05 -0500,1352588885
jennaka27,84,2012-11-10 18:08:09 -0500,1352588889
driz1026,79,2012-11-10 18:08:12 -0500,1352588892
Renee_Safir,88,2012-11-10 18:08:16 -0500,1352588896
mcinsm,80,2012-11-10 18:08:19 -0500,1352588899
izzyinspace,89,2012-11-10 18:08:22 -0500,1352588902
Ondy24,87,2012-11-10 18:08:26 -0500,1352588906
LilySophia,87,2012-11-10 18:08:30 -0500,1352588910
vickie852,85,2012-11-10 18:08:34 -0500,1352588914
amemoon,77,2012-11-10 18:08:37 -0500,1352588917
Penny208,70,2012-11-10 18:08:40 -0500,1352588920
bitch_cake,87,2012-11-10 18:08:44 -0500,1352588924
wunderdome,85,2012-11-10 18:08:47 -0500,1352588927
retrokittn,79,2012-11-10 18:08:51 -0500,1352588931
jesicha,65,2012-11-10 18:08:54 -0500,1352588934
nerdyflirty1365,82,2012-11-10 18:08:58 -0500,1352588938
yelp-dot-com,89,2012-11-10 18:09:01 -0500,1352588941
bucoedgrrl,89,2012-11-10 18:09:05 -0500,1352588945
gilagarta,80,2012-11-10 18:09:08 -0500,1352588948
rivalries,90,2012-11-10 18:09:11 -0500,1352588951
maebabbyy,83,2012-11-10 18:09:15 -0500,1352588955
jenjoan,82,2012-11-10 18:09:18 -0500,1352588958
BriMRoberge,89,2012-11-10 18:09:22 -0500,1352588962
Atey1,81,2012-11-10 18:09:25 -0500,1352588965
jstolbach,81,2012-11-10 18:09:28 -0500,1352588968
random_rules_,79,2012-11-10 18:09:29 -0500,1352588969
StephLynnL,75,2012-11-10 18:09:32 -0500,1352588972
fox-confessor,85,2012-11-10 18:09:34 -0500,1352588974
ourdeal8,94,2012-11-10 18:09:35 -0500,1352588975
yangsta2890,71,2012-11-10 18:09:39 -0500,1352588979
Chantreusse,76,2012-11-10 18:09:39 -0500,1352588979
notsocraycray,87,2012-11-10 18:09:42 -0500,1352588982
valadamski,77,2012-11-10 18:09:45 -0500,1352588985
_JoannaBanana_,88,2012-11-10 18:09:46 -0500,1352588986
DeaMariella,86,2012-11-10 18:09:50 -0500,1352588990
wonderfult0nite,81,2012-11-10 18:09:50 -0500,1352588990
DeaMariella,86,2012-11-10 18:09:53 -0500,1352588993
thisisnotdani,84,2012-11-10 18:09:56 -0500,1352588996
scs521,82,2012-11-10 18:09:57 -0500,1352588997
Rissa524,90,2012-11-10 18:10:00 -0500,1352589000
fine_plus_2pts,76,2012-11-10 18:10:01 -0500,1352589001
alysnpunderland,76,2012-11-10 18:10:03 -0500,1352589003
Penny208,70,2012-11-10 18:10:07 -0500,1352589007
gypsybeats,81,2012-11-10 18:10:07 -0500,1352589007
Abby1828,80,2012-11-10 18:10:10 -0500,1352589010
akgirlski,80,2012-11-10 18:10:12 -0500,1352589012
InnerOctopus,83,2012-11-10 18:10:14 -0500,1352589014
ciao_cara,79,2012-11-10 18:10:17 -0500,1352589017
aglauferin,72,2012-11-10 18:10:18 -0500,1352589018
amelia__pond,78,2012-11-10 18:10:21 -0500,1352589021
KerryB92,78,2012-11-10 18:10:23 -0500,1352589023
amlek,70,2012-11-10 18:10:24 -0500,1352589024
michelle1lisa,85,2012-11-10 18:10:27 -0500,1352589027
aameliee,87,2012-11-10 18:10:28 -0500,1352589028
SoftlyRaining,81,2012-11-10 18:10:31 -0500,1352589031
Erinnkk,84,2012-11-10 18:10:34 -0500,1352589034
wreena,84,2012-11-10 18:10:34 -0500,1352589034
May_Elizabeth,83,2012-11-10 18:10:35 -0500,1352589035
gorgeousginny,94,2012-11-10 18:10:38 -0500,1352589038
mpach,89,2012-11-10 18:11:19 -0500,1352589079
theEisnotsilent,84,2012-11-10 18:12:02 -0500,1352589122
Its_Jill,66,2012-11-10 18:12:47 -0500,1352589167
turdterrorist,88,2012-11-10 18:13:22 -0500,1352589202
Julzie07,80,2012-11-10 18:13:57 -0500,1352589237
diamoond,84,2012-11-10 18:14:42 -0500,1352589282
irina_ig,59,2012-11-10 18:15:17 -0500,1352589317
JetFleaCity,92,2012-11-10 18:15:54 -0500,1352589354
apple_schneider,83,2012-11-10 18:16:35 -0500,1352589395
christinevino,83,2012-11-10 18:17:21 -0500,1352589441
southerngirl413,81,2012-11-10 18:18:07 -0500,1352589487
yoyouyue,69,2012-11-10 18:18:53 -0500,1352589533
kaymaca,74,2012-11-10 18:19:35 -0500,1352589575
LipstickVouge,89,2012-11-10 18:20:10 -0500,1352589610
gabs42,84,2012-11-10 18:20:48 -0500,1352589648
lpc23,82,2012-11-10 18:21:26 -0500,1352589686
remelly,78,2012-11-10 18:22:19 -0500,1352589739
DBabineau,75,2012-11-10 18:22:53 -0500,1352589773
RANSAC,80,2012-11-10 18:23:39 -0500,1352589819
RANSAC,80,2012-11-10 18:24:24 -0500,1352589864
Evltwin86,80,2012-11-10 18:24:58 -0500,1352589898
BarefootWander,85,2012-11-10 18:25:39 -0500,1352589939
Jackeroo585,94,2012-11-10 18:26:18 -0500,1352589978
awild___appears,81,2012-11-10 18:26:58 -0500,1352590018
ninab9,80,2012-11-10 18:27:33 -0500,1352590053
OmegaNebula,88,2012-11-10 18:28:11 -0500,1352590091
MarlahhSinger,65,2012-11-10 18:28:50 -0500,1352590130
glasses_gal,76,2012-11-10 18:29:36 -0500,1352590176
PanterraX,70,2012-11-10 18:30:13 -0500,1352590213
Erins52,90,2012-11-10 18:30:57 -0500,1352590257
twinkletoeslady,71,2012-11-10 18:31:34 -0500,1352590294
la_zawa,90,2012-11-10 18:32:13 -0500,1352590333
diamoond,84,2012-11-10 18:32:54 -0500,1352590374
RNAbubble,81,2012-11-10 18:33:44 -0500,1352590424
Kimpressive,83,2012-11-10 18:34:28 -0500,1352590468
grambling,81,2012-11-10 18:35:01 -0500,1352590501
ka1215,90,2012-11-10 18:35:40 -0500,1352590540
theEisnotsilent,84,2012-11-10 18:36:16 -0500,1352590576
CatRose17,68,2012-11-10 18:36:52 -0500,1352590612
melodydoll,88,2012-11-10 18:37:34 -0500,1352590654
apple_schneider,83,2012-11-10 18:38:25 -0500,1352590705
katekatekate9,84,2012-11-10 18:39:01 -0500,1352590741
rockstarbyday,91,2012-11-10 18:39:54 -0500,1352590794
akryan,86,2012-11-10 18:40:28 -0500,1352590828
kesten4332,76,2012-11-10 18:41:11 -0500,1352590871
Amanda_LL,72,2012-11-10 18:41:14 -0500,1352590874
vine23,80,2012-11-10 18:41:17 -0500,1352590877
triggeredd,81,2012-11-10 18:41:21 -0500,1352590881
thisisnotdani,84,2012-11-10 18:41:24 -0500,1352590884
minnyeliv,83,2012-11-10 18:41:28 -0500,1352590888
jsarah16,82,2012-11-10 18:41:31 -0500,1352590891
ljt092,67,2012-11-10 18:41:35 -0500,1352590895
Linds_86,87,2012-11-10 18:41:38 -0500,1352590898
OmegaNebula,88,2012-11-10 18:41:42 -0500,1352590902
21XU,84,2012-11-10 18:41:45 -0500,1352590905
littlestarllo,77,2012-11-10 18:41:49 -0500,1352590909
pomegranitetron,74,2012-11-10 18:41:52 -0500,1352590912
JAK725,89,2012-11-10 18:41:56 -0500,1352590916
dee1987,88,2012-11-10 18:41:59 -0500,1352590919
sboos24,83,2012-11-10 18:42:02 -0500,1352590922
CambridgeRed,75,2012-11-10 18:42:07 -0500,1352590927
fenicedautun,87,2012-11-10 18:42:10 -0500,1352590930
TRC22,75,2012-11-10 18:42:14 -0500,1352590934
jeunething,80,2012-11-10 18:42:17 -0500,1352590937
BarefootWander,85,2012-11-10 18:42:21 -0500,1352590941
macabrekawaii,88,2012-11-10 18:42:24 -0500,1352590944
chemisery,79,2012-11-10 18:42:28 -0500,1352590948
Etibkrahs,78,2012-11-10 18:42:31 -0500,1352590951
reva_storm,76,2012-11-10 18:42:35 -0500,1352590955
kjjp37,85,2012-11-10 18:42:38 -0500,1352590958
ADudek,90,2012-11-10 18:42:42 -0500,1352590962
freshandrad,79,2012-11-10 18:42:45 -0500,1352590965
altaliterations,76,2012-11-10 18:42:49 -0500,1352590969
lilaharrazcaeta,92,2012-11-10 18:42:52 -0500,1352590972
gypsytomcrow,78,2012-11-10 18:42:55 -0500,1352590975
GrrArghh86,81,2012-11-10 18:42:59 -0500,1352590979
elleyoelleyo,85,2012-11-10 18:43:02 -0500,1352590982
biyeun,76,2012-11-10 18:43:06 -0500,1352590986
LittleMissAva,84,2012-11-10 18:43:09 -0500,1352590989
scooper08,81,2012-11-10 18:43:13 -0500,1352590993
KatosaurusRex,85,2012-11-10 18:43:16 -0500,1352590996
norevisions,78,2012-11-10 18:43:20 -0500,1352591000
Jackeroo585,94,2012-11-10 18:43:24 -0500,1352591004
Jeanie99,77,2012-11-10 18:43:28 -0500,1352591008
BisexualDyke,88,2012-11-10 18:43:31 -0500,1352591011
Stags5,83,2012-11-10 18:43:35 -0500,1352591015
SgtPepperjack,68,2012-11-10 18:43:38 -0500,1352591018
rexmanningday88,89,2012-11-10 18:43:42 -0500,1352591022
kerry1anne0,62,2012-11-10 18:43:45 -0500,1352591025
nicabou,88,2012-11-10 18:43:49 -0500,1352591029
turdterrorist,88,2012-11-10 18:43:52 -0500,1352591032
Kathleen20_taco,60,2012-11-10 18:43:56 -0500,1352591036
gogirl22,72,2012-11-10 18:43:59 -0500,1352591039
SoftlyRaining,81,2012-11-10 18:44:03 -0500,1352591043
thrashley_bear,84,2012-11-10 18:44:06 -0500,1352591046
Amalina99,91,2012-11-10 18:44:10 -0500,1352591050
burntmarshmelow,87,2012-11-10 18:44:13 -0500,1352591053
kimbahleeee,87,2012-11-10 18:44:17 -0500,1352591057
VelvetPenguin,85,2012-11-10 18:44:20 -0500,1352591060
sockchan,84,2012-11-10 18:44:24 -0500,1352591064
oak_soph,90,2012-11-10 18:44:27 -0500,1352591067
wonderfult0nite,81,2012-11-10 18:44:30 -0500,1352591070
lp1989,63,2012-11-10 18:44:34 -0500,1352591074
ViolettXX,79,2012-11-10 18:44:37 -0500,1352591077
ourdeal8,94,2012-11-10 18:44:41 -0500,1352591081
csamp87,66,2012-11-10 18:44:44 -0500,1352591084
MelleBelle1231,88,2012-11-10 18:44:48 -0500,1352591088
onmyknees22,87,2012-11-10 18:44:51 -0500,1352591091
MoxyinaBox,72,2012-11-10 18:44:55 -0500,1352591095
pr1sc11a,73,2012-11-10 18:44:58 -0500,1352591098
Heartsthetank,87,2012-11-10 18:45:02 -0500,1352591102
ClaireDB8,78,2012-11-10 18:45:05 -0500,1352591105
svf418,76,2012-11-10 18:45:09 -0500,1352591109
zarajp,91,2012-11-10 18:45:12 -0500,1352591112
AngelaConti,84,2012-11-10 18:45:16 -0500,1352591116
prettyinpink611,81,2012-11-10 18:45:19 -0500,1352591119
gracemarielilli,73,2012-11-10 18:45:23 -0500,1352591123
izzi42,68,2012-11-10 18:45:26 -0500,1352591126
DrZaiusDrZaius,69,2012-11-10 18:45:30 -0500,1352591130
SweetLadyCola,84,2012-11-10 18:45:33 -0500,1352591133
Jules419,80,2012-11-10 18:45:37 -0500,1352591137
nerdyflirty1365,82,2012-11-10 18:45:40 -0500,1352591140
mnm04,84,2012-11-10 18:45:44 -0500,1352591144
smoothunsalted,81,2012-11-10 18:45:47 -0500,1352591147
lsmyth,84,2012-11-10 18:45:51 -0500,1352591151
HeyImKate,81,2012-11-10 18:45:54 -0500,1352591154
Shaynaj15,73,2012-11-10 18:45:58 -0500,1352591158
Markelita,76,2012-11-10 18:46:01 -0500,1352591161
callmeblair,69,2012-11-10 18:46:05 -0500,1352591165
KickAssLizzie,78,2012-11-10 18:46:08 -0500,1352591168
cheetah33,84,2012-11-10 18:46:12 -0500,1352591172
priscilla2006,82,2012-11-10 18:46:15 -0500,1352591175
Jennifer357,68,2012-11-10 18:46:19 -0500,1352591179
drivingmzlizzy,80,2012-11-10 18:46:22 -0500,1352591182
VelvetPenguin,85,2012-11-10 18:46:26 -0500,1352591186
mrsfridaynext,75,2012-11-10 18:46:29 -0500,1352591189
ImagineIf26,74,2012-11-10 18:46:33 -0500,1352591193
LipstickVouge,89,2012-11-10 18:46:36 -0500,1352591196
DeaMariella,86,2012-11-10 18:46:40 -0500,1352591200
BostonBowler,85,2012-11-10 18:46:43 -0500,1352591203
macabrekawaii,88,2012-11-10 18:46:46 -0500,1352591206
LizMcBoston,81,2012-11-10 18:46:50 -0500,1352591210
demonsaltshaker,90,2012-11-10 18:46:53 -0500,1352591213
milk0bar,83,2012-11-10 18:46:57 -0500,1352591217
Jcwelch,88,2012-11-10 18:47:00 -0500,1352591220
sunshine7river,69,2012-11-10 18:47:04 -0500,1352591224
holly_wood23,66,2012-11-10 18:47:07 -0500,1352591227
LynnJoan,64,2012-11-10 18:47:11 -0500,1352591231
apriori10,74,2012-11-10 18:47:15 -0500,1352591235
EpicuriousJenn,74,2012-11-10 18:47:18 -0500,1352591238
virtueturnsvice,85,2012-11-10 18:47:22 -0500,1352591242
amelia__pond,78,2012-11-10 18:47:25 -0500,1352591245
yanka378,87,2012-11-10 18:47:29 -0500,1352591249
danni3124,92,2012-11-10 18:47:32 -0500,1352591252
fit_grrl,90,2012-11-10 18:47:36 -0500,1352591256
diamoond,84,2012-11-10 18:47:39 -0500,1352591259
ohmyskoobydoo,75,2012-11-10 18:47:43 -0500,1352591263
rikenichavi,89,2012-11-10 18:47:46 -0500,1352591266
--angela,84,2012-11-10 18:47:50 -0500,1352591270
Ilanita,78,2012-11-10 18:47:53 -0500,1352591273
miareason,81,2012-11-10 18:47:57 -0500,1352591277
hgweiss,84,2012-11-10 18:48:00 -0500,1352591280
ElectricLightz,82,2012-11-10 18:48:04 -0500,1352591284
kaymaca,74,2012-11-10 18:48:07 -0500,1352591287
visualgurl,69,2012-11-10 18:48:10 -0500,1352591290
gypsybeats,81,2012-11-10 18:48:15 -0500,1352591295
release-the-bat,79,2012-11-10 18:48:18 -0500,1352591298
petuniachickie,84,2012-11-10 18:48:22 -0500,1352591302
Deekay12,80,2012-11-10 18:48:25 -0500,1352591305
allston5,78,2012-11-10 18:48:29 -0500,1352591309
May_Elizabeth,83,2012-11-10 18:48:32 -0500,1352591312
sugarplumvodka,89,2012-11-10 18:48:36 -0500,1352591316
foureyedfuried,80,2012-11-10 18:48:39 -0500,1352591319
jum498,73,2012-11-10 18:48:42 -0500,1352591322
lauren_005,78,2012-11-10 18:48:46 -0500,1352591326
Abby1828,80,2012-11-10 18:48:49 -0500,1352591329
twolfgan,84,2012-11-10 18:48:53 -0500,1352591333
nicole_mm,72,2012-11-10 18:48:56 -0500,1352591336
beeing-me,70,2012-11-10 18:49:00 -0500,1352591340
tinylight,79,2012-11-10 18:49:03 -0500,1352591343
wreena,84,2012-11-10 18:49:07 -0500,1352591347
bitchbangz,92,2012-11-10 18:49:10 -0500,1352591350
MissMetalMimosa,90,2012-11-10 18:49:14 -0500,1352591354
ka023,72,2012-11-10 18:49:17 -0500,1352591357
s_l_s6336,83,2012-11-10 18:49:20 -0500,1352591360
brooklynsun,84,2012-11-10 18:49:24 -0500,1352591364
RckJunkie,81,2012-11-10 18:49:27 -0500,1352591367
ashbots,72,2012-11-10 18:49:31 -0500,1352591371
lingzuma,86,2012-11-10 18:49:34 -0500,1352591374
apple_schneider,83,2012-11-10 18:49:38 -0500,1352591378
ShitsNGigglez4,93,2012-11-10 18:49:41 -0500,1352591381
ahhpeachsnapple,78,2012-11-10 18:49:45 -0500,1352591385
DancinDiva1983,87,2012-11-10 18:49:49 -0500,1352591389
bethbabs77,79,2012-11-10 18:49:53 -0500,1352591393
Pescespada,76,2012-11-10 18:49:56 -0500,1352591396
allybs,80,2012-11-10 18:50:00 -0500,1352591400
hbkeane,86,2012-11-10 18:50:03 -0500,1352591403
Carlanne,87,2012-11-10 18:50:06 -0500,1352591406
twolfgan,84,2012-11-10 18:50:10 -0500,1352591410
avivaann,80,2012-11-10 18:50:13 -0500,1352591413
fenicedautun,87,2012-11-10 18:50:17 -0500,1352591417
Oceanbound2013,81,2012-11-10 18:50:20 -0500,1352591420
melissakaitlyn,77,2012-11-10 18:50:24 -0500,1352591424
akgirlski,80,2012-11-10 18:50:27 -0500,1352591427
Lauraconteuse,80,2012-11-10 18:50:31 -0500,1352591431
liq_N2_icecream,89,2012-11-10 18:50:34 -0500,1352591434
mallorieekstr%C3%B6m,81,2012-11-10 18:50:37 -0500,1352591437
Callmekeira,85,2012-11-10 18:50:41 -0500,1352591441
transluce,90,2012-11-10 18:50:44 -0500,1352591444
ss2564,68,2012-11-10 18:50:48 -0500,1352591448
symposia,70,2012-11-10 18:50:51 -0500,1352591451
Deekay12,80,2012-11-10 18:50:55 -0500,1352591455
asphaltglistens,84,2012-11-10 18:50:58 -0500,1352591458
la_zawa,90,2012-11-10 18:51:02 -0500,1352591462
chelinski_pie,80,2012-11-10 18:51:06 -0500,1352591466
scrambledmegg,72,2012-11-10 18:51:10 -0500,1352591470
xxkd519,87,2012-11-10 18:51:13 -0500,1352591473
rideau01,82,2012-11-10 18:51:16 -0500,1352591476
rideau01,82,2012-11-10 18:51:20 -0500,1352591480
fox-confessor,85,2012-11-10 18:51:23 -0500,1352591483
BriMRoberge,89,2012-11-10 18:51:27 -0500,1352591487
b-bea,75,2012-11-10 18:51:30 -0500,1352591490
ChemicalPassion,87,2012-11-10 18:51:34 -0500,1352591494
EKF1117,86,2012-11-10 18:51:37 -0500,1352591497
ersatzzzzz,84,2012-11-10 18:51:40 -0500,1352591500
FlipsAnywhere,80,2012-11-10 18:51:44 -0500,1352591504
Atey1,81,2012-11-10 18:51:47 -0500,1352591507
Lil_WC,76,2012-11-10 18:51:51 -0500,1352591511
lalalalalala_2,74,2012-11-10 18:51:54 -0500,1352591514
cindy_sexy,72,2012-11-10 18:51:58 -0500,1352591518
dmwinter1088,66,2012-11-10 18:52:01 -0500,1352591521
MargerieSB,85,2012-11-10 18:52:05 -0500,1352591525
femm123,81,2012-11-10 18:52:08 -0500,1352591528
catattackz,83,2012-11-10 18:52:11 -0500,1352591531
_beetle_,86,2012-11-10 18:52:15 -0500,1352591535
KyBlue722,75,2012-11-10 18:52:18 -0500,1352591538
fivetilmidnight,84,2012-11-10 18:52:22 -0500,1352591542
mickaWhat,83,2012-11-10 18:52:25 -0500,1352591545
DeaMariella,86,2012-11-10 18:52:29 -0500,1352591549
chibipaco,80,2012-11-10 18:52:32 -0500,1352591552
_JoannaBanana_,88,2012-11-10 18:52:36 -0500,1352591556
Frecasaurus,64,2012-11-10 18:52:39 -0500,1352591559
diamoond,84,2012-11-10 18:52:43 -0500,1352591563
gabrielle9,81,2012-11-10 18:52:46 -0500,1352591566
JaxieM,71,2012-11-10 18:52:50 -0500,1352591570
raineye,67,2012-11-10 18:52:53 -0500,1352591573
Rissa524,90,2012-11-10 18:52:56 -0500,1352591576
sassydynasty,84,2012-11-10 18:53:00 -0500,1352591580
izzyinspace,89,2012-11-10 18:53:03 -0500,1352591583
lauren_005,78,2012-11-10 18:53:07 -0500,1352591587
salacious-crumb,80,2012-11-10 18:53:10 -0500,1352591590
alliy_grrr,83,2012-11-10 18:53:15 -0500,1352591595
jessstein,83,2012-11-10 18:53:18 -0500,1352591598
Amalina99,91,2012-11-10 18:53:22 -0500,1352591602
May_Elizabeth,83,2012-11-10 18:53:26 -0500,1352591606
burntmarshmelow,87,2012-11-10 18:53:30 -0500,1352591610
Batesian,93,2012-11-10 18:53:33 -0500,1352591613
shortnsouthern,84,2012-11-10 18:53:37 -0500,1352591617
Beccajane24,67,2012-11-10 18:53:40 -0500,1352591620
ignition_remix,74,2012-11-10 18:53:44 -0500,1352591624
grambling,81,2012-11-10 18:53:47 -0500,1352591627
kkiramarie,69,2012-11-10 18:53:51 -0500,1352591631
alysnpunderland,76,2012-11-10 18:53:54 -0500,1352591634
Linds_86,87,2012-11-10 18:53:58 -0500,1352591638
zarajp,91,2012-11-10 18:54:01 -0500,1352591641
Mlle_Elle,88,2012-11-10 18:54:05 -0500,1352591645
Annabelle27,77,2012-11-10 18:54:08 -0500,1352591648
Gaby011,86,2012-11-10 18:54:12 -0500,1352591652
soundstress,83,2012-11-10 18:54:15 -0500,1352591655
bitch_cake,87,2012-11-10 18:54:19 -0500,1352591659
BeeBee18k,74,2012-11-10 18:54:22 -0500,1352591662
ems4,75,2012-11-10 18:54:26 -0500,1352591666
AlluringGeek,87,2012-11-10 18:54:29 -0500,1352591669
Jacky-O,95,2012-11-10 18:54:32 -0500,1352591672
jeunething,80,2012-11-10 18:54:36 -0500,1352591676
ourdeal8,94,2012-11-10 18:54:39 -0500,1352591679
yelp-dot-com,89,2012-11-10 18:54:43 -0500,1352591683
rakora10,92,2012-11-10 18:54:46 -0500,1352591686
gap_tooth,80,2012-11-10 18:54:50 -0500,1352591690
Elizca,82,2012-11-10 18:54:53 -0500,1352591693
kayc7811,77,2012-11-10 18:54:58 -0500,1352591698
juliaclaires,85,2012-11-10 18:55:01 -0500,1352591701
Kayla3361,80,2012-11-10 18:55:04 -0500,1352591704
Ondy24,87,2012-11-10 18:55:08 -0500,1352591708
Chantreusse,76,2012-11-10 18:55:11 -0500,1352591711
labrat_12,77,2012-11-10 18:55:15 -0500,1352591715
zarajp,91,2012-11-10 18:55:18 -0500,1352591718
Jacky-O,95,2012-11-10 18:55:22 -0500,1352591722
verdictless,68,2012-11-10 18:55:25 -0500,1352591725
KerryB92,78,2012-11-10 18:55:29 -0500,1352591729
bunnevolence,80,2012-11-10 18:55:32 -0500,1352591732
Amalina99,91,2012-11-10 18:55:35 -0500,1352591735
sciencechick_1,83,2012-11-10 18:55:39 -0500,1352591739
m_tim,66,2012-11-11 21:32:26 -0500,1352687546
virtueturnsvice,85,2012-11-11 23:21:49 -0500,1352694109
fine_plus_2pts,76,2012-11-11 23:21:55 -0500,1352694115
KFB0344,84,2012-11-11 23:22:00 -0500,1352694120
_Bri_B,65,2012-11-11 23:23:49 -0500,1352694229
AnnieHavoc,74,2012-11-11 23:23:55 -0500,1352694235
Atey1,81,2012-11-11 23:24:01 -0500,1352694241
TGMagoo,72,2012-11-11 23:24:21 -0500,1352694261
gorgeousginny,94,2012-11-11 23:24:26 -0500,1352694266
sirensong63,80,2012-11-11 23:24:32 -0500,1352694272
ClaireElaine,76,2012-11-11 23:24:38 -0500,1352694278
wellarentuclever,82,2012-11-11 23:24:43 -0500,1352694283
missimerica,80,2012-11-11 23:24:49 -0500,1352694289
allgoodreasons,82,2012-11-11 23:24:54 -0500,1352694294
gingercarrots,80,2012-11-11 23:25:00 -0500,1352694300
MFoster87,91,2012-11-11 23:25:06 -0500,1352694306
Jojobeana,82,2012-11-11 23:25:11 -0500,1352694311
_o_0_,89,2012-11-11 23:25:17 -0500,1352694317
b-bea,75,2012-11-11 23:25:22 -0500,1352694322
marissavera,80,2012-11-11 23:25:28 -0500,1352694328
VelvetandSuede,81,2012-11-11 23:25:34 -0500,1352694334
KayleeFryberg,77,2012-11-11 23:25:39 -0500,1352694339
emzz517,71,2012-11-11 23:25:45 -0500,1352694345
hrab,85,2012-11-11 23:25:50 -0500,1352694350
Abby1828,80,2012-11-11 23:25:56 -0500,1352694356
Abby1828,80,2012-11-11 23:26:01 -0500,1352694361
demonsaltshaker,90,2012-11-11 23:26:07 -0500,1352694367
mickaWhat,83,2012-11-11 23:26:12 -0500,1352694372
redtigerJ,86,2012-11-11 23:26:18 -0500,1352694378
BarefootWander,85,2012-11-11 23:26:24 -0500,1352694384
littlebee141,81,2012-11-11 23:26:29 -0500,1352694389
Batesian,93,2012-11-11 23:26:35 -0500,1352694395
RayRay0815,90,2012-11-11 23:26:40 -0500,1352694400
ScoutMcGee,82,2012-11-11 23:26:46 -0500,1352694406
fiona730,83,2012-11-11 23:26:52 -0500,1352694412
E-Ro,81,2012-11-11 23:26:57 -0500,1352694417
lizilize88,76,2012-11-11 23:27:03 -0500,1352694423
hbkeane,86,2012-11-11 23:27:09 -0500,1352694429
thisisnotdani,85,2012-11-11 23:27:15 -0500,1352694435
meeetinmontauk,79,2012-11-11 23:27:20 -0500,1352694440
yabuyabu,91,2012-11-11 23:27:26 -0500,1352694446
RckJunkie,81,2012-11-11 23:27:31 -0500,1352694451
twolfgan,84,2012-11-11 23:27:37 -0500,1352694457
leahgee,82,2012-11-11 23:27:42 -0500,1352694462
Jewls1111,81,2012-11-11 23:27:48 -0500,1352694468
audreyarnold,79,2012-11-11 23:27:53 -0500,1352694473
hurtstotouchfire,85,2012-11-11 23:27:59 -0500,1352694479
VB97,75,2012-11-11 23:28:05 -0500,1352694485
KerryB92,78,2012-11-11 23:28:10 -0500,1352694490
amlek,70,2012-11-11 23:28:16 -0500,1352694496
s_l_s6336,83,2012-11-11 23:28:21 -0500,1352694501
beautyinthebean,72,2012-11-11 23:28:27 -0500,1352694507
anw32,85,2012-11-11 23:28:33 -0500,1352694513
MFoster87,91,2012-11-11 23:28:38 -0500,1352694518
kayla423,78,2012-11-11 23:28:44 -0500,1352694524
polykromatic,91,2012-11-11 23:28:49 -0500,1352694529
lillijomo,77,2012-11-11 23:28:55 -0500,1352694535
discretely,77,2012-11-11 23:29:01 -0500,1352694541
shmands,92,2012-11-11 23:29:06 -0500,1352694546
emcarps,75,2012-11-11 23:29:12 -0500,1352694552
milktooths,80,2012-11-11 23:29:17 -0500,1352694557
maebe83,86,2012-11-11 23:29:23 -0500,1352694563
lolofish,91,2012-11-11 23:29:28 -0500,1352694568
BisexualDyke,88,2012-11-11 23:29:34 -0500,1352694574
AngelsShark,70,2012-11-11 23:29:39 -0500,1352694579
storiadella,80,2012-11-11 23:29:45 -0500,1352694585
elliemh24,84,2012-11-11 23:29:51 -0500,1352694591
ADO_Cambridge,66,2012-11-11 23:29:56 -0500,1352694596
ADudek,90,2012-11-11 23:30:02 -0500,1352694602
ADudek,90,2012-11-11 23:30:08 -0500,1352694608
LittleMissAva,84,2012-11-11 23:30:13 -0500,1352694613
hitthestars,81,2012-11-11 23:30:19 -0500,1352694619
bunnevolence,80,2012-11-11 23:30:25 -0500,1352694625
Epicycler,66,2012-11-11 23:30:30 -0500,1352694630
loopbliss,78,2012-11-11 23:30:36 -0500,1352694636
elminato,67,2012-11-11 23:30:41 -0500,1352694641
Abby1828,80,2012-11-11 23:30:47 -0500,1352694647
Abby1828,80,2012-11-11 23:30:52 -0500,1352694652
collarsncuffs,81,2012-11-11 23:30:58 -0500,1352694658
luckyduckie1,77,2012-11-11 23:31:04 -0500,1352694664
StefGO,84,2012-11-11 23:31:09 -0500,1352694669
Amalina99,91,2012-11-11 23:31:15 -0500,1352694675
CodexPrincess,89,2012-11-11 23:31:20 -0500,1352694680
gogirl22,72,2012-11-11 23:31:26 -0500,1352694686
dark_nstormy,77,2012-11-11 23:31:31 -0500,1352694691
priya106,66,2012-11-11 23:31:37 -0500,1352694697
foureyedfuried,80,2012-11-11 23:31:43 -0500,1352694703
foureyedfuried,80,2012-11-11 23:31:49 -0500,1352694709
kateekate,76,2012-11-11 23:31:54 -0500,1352694714
yelp-dot-com,89,2012-11-11 23:32:00 -0500,1352694720
-kaitlyn-,84,2012-11-11 23:32:05 -0500,1352694725
Fructose7,78,2012-11-11 23:32:11 -0500,1352694731
Noticethemoment,80,2012-11-11 23:32:16 -0500,1352694736
Meripw,73,2012-11-11 23:32:22 -0500,1352694742
eta_,72,2012-11-11 23:32:27 -0500,1352694747
jjwise,75,2012-11-11 23:32:33 -0500,1352694753
Sapphira603,86,2012-11-11 23:32:38 -0500,1352694758
Melissa294,76,2012-11-11 23:32:44 -0500,1352694764
PamHaleN,91,2012-11-11 23:32:49 -0500,1352694769
mpach,89,2012-11-11 23:32:55 -0500,1352694775
Cengelhardt,87,2012-11-11 23:33:01 -0500,1352694781
ilikeyoumaude,84,2012-11-11 23:33:07 -0500,1352694787
way2cool4school,86,2012-11-11 23:33:12 -0500,1352694792
Whisky_me_sour,69,2012-11-11 23:33:17 -0500,1352694797
DanaO316,89,2012-11-11 23:33:23 -0500,1352694803
sweetserenity04,70,2012-11-11 23:33:28 -0500,1352694808
kser7280,88,2012-11-11 23:33:34 -0500,1352694814
Jackeroo585,94,2012-11-11 23:33:40 -0500,1352694820
Jacque_S,69,2012-11-11 23:53:33 -0500,1352696013
Lots_of_Pie,77,2012-11-12 00:47:16 -0500,1352699236
CaseA,85,2012-11-12 00:48:32 -0500,1352699312
"","",2012-11-12 00:48:56 -0500,1352699336
ourdeal8,94,2012-11-12 00:49:17 -0500,1352699357
shortnsouthern,84,2012-11-12 10:15:22 -0500,1352733322
deetd0rt,85,2012-11-12 10:16:29 -0500,1352733389
transluce,90,2012-11-12 10:16:56 -0500,1352733416
MarleyTXyall,70,2012-11-12 10:16:59 -0500,1352733419
coyoteugly8,84,2012-11-12 10:17:44 -0500,1352733464
Scarles,89,2012-11-12 10:17:46 -0500,1352733466
milk0bar,83,2012-11-12 10:18:27 -0500,1352733507
Paigeythecat,82,2012-11-13 21:21:22 -0500,1352859682
sjr04389,88,2012-11-13 21:21:28 -0500,1352859688
keegan5454,84,2012-11-13 21:21:34 -0500,1352859694
InnerOctopus,83,2012-11-13 21:21:39 -0500,1352859699
beckchristensen,76,2012-11-13 21:21:45 -0500,1352859705
aedolon8,87,2012-11-13 21:21:50 -0500,1352859710
__erin__,73,2012-11-13 21:21:56 -0500,1352859716
love0655,60,2012-11-13 21:22:01 -0500,1352859721
lutra4,85,2012-11-13 21:22:07 -0500,1352859727
britbran,86,2012-11-13 21:22:13 -0500,1352859733
EmilyRobes,72,2012-11-13 21:22:18 -0500,1352859738
Maddie_-,72,2012-11-13 21:22:24 -0500,1352859744
definitelyelena,87,2012-11-13 21:22:29 -0500,1352859749
hayley13,81,2012-11-13 21:22:35 -0500,1352859755
DrZaiusDrZaius,69,2012-11-13 21:22:41 -0500,1352859761
CambLady,88,2012-11-13 21:22:46 -0500,1352859766
OmegaNebula,88,2012-11-13 21:22:52 -0500,1352859772
ZoyaDB,84,2012-11-13 21:22:57 -0500,1352859777
I-am-Kelly,73,2012-11-13 21:23:03 -0500,1352859783
LittleMissAva,84,2012-11-13 21:23:08 -0500,1352859788
Jcwelch,88,2012-11-13 21:23:14 -0500,1352859794
_JoannaBanana_,88,2012-11-13 21:23:19 -0500,1352859799
EverOnward20,73,2012-11-13 21:23:25 -0500,1352859805
CollideTheTide,72,2012-11-13 21:23:30 -0500,1352859810
foureyedfuried,80,2012-11-13 21:23:36 -0500,1352859816
britgirlboston,69,2012-11-13 21:23:41 -0500,1352859821
britgirlboston,69,2012-11-13 21:23:47 -0500,1352859827
human_meat,77,2012-11-13 21:23:52 -0500,1352859832
diver_babe,85,2012-11-13 21:23:58 -0500,1352859838
lookupmore,82,2012-11-13 21:24:04 -0500,1352859844
outspoken_girl,69,2012-11-13 21:24:09 -0500,1352859849
awwitsdorothy,87,2012-11-13 21:24:15 -0500,1352859855
stopthatfrog,82,2012-11-13 21:24:21 -0500,1352859861
chucklepie,79,2012-11-13 21:24:26 -0500,1352859866
flamingoasaurus,83,2012-11-13 21:24:31 -0500,1352859871
flamingoasaurus,83,2012-11-13 21:24:37 -0500,1352859877
Julia_W_18,68,2012-11-13 21:24:42 -0500,1352859882
wildmage716,83,2012-11-13 21:24:48 -0500,1352859888
storyshaped,79,2012-11-13 21:24:53 -0500,1352859893
jstolbach,81,2012-11-13 21:24:59 -0500,1352859899
GreenEyed86,65,2012-11-13 21:25:05 -0500,1352859905
MFA_student,65,2012-11-13 21:25:10 -0500,1352859910
miranda_tempest,68,2012-11-13 21:25:16 -0500,1352859916
twolfgan,84,2012-11-13 21:25:21 -0500,1352859921
photojenic24,77,2012-11-13 21:25:27 -0500,1352859927
lovelyblackrose,81,2012-11-13 21:25:32 -0500,1352859932
BridalBones,72,2012-11-13 21:25:38 -0500,1352859938
gingercarrots,80,2012-11-13 21:25:44 -0500,1352859944
MusicallyFit,85,2012-11-13 21:25:49 -0500,1352859949
BisexualDyke,88,2012-11-13 21:25:55 -0500,1352859955
mustbedreaming,87,2012-11-13 21:26:01 -0500,1352859961
burntmarshmelow,87,2012-11-13 21:26:06 -0500,1352859966
strange_loops,66,2012-11-13 21:26:12 -0500,1352859972
Valeriexo,77,2012-11-13 21:26:17 -0500,1352859977
symbiontic,77,2012-11-13 21:26:23 -0500,1352859983
wittylyrics,72,2012-11-13 21:26:28 -0500,1352859988
wittylyrics,72,2012-11-13 21:26:34 -0500,1352859994
TAG112358,85,2012-11-13 21:26:40 -0500,1352860000
phineasgage89,77,2012-11-13 21:26:45 -0500,1352860005
hcsul,80,2012-11-13 21:26:51 -0500,1352860011
LibrarianL,82,2012-11-13 21:26:56 -0500,1352860016
fenicedautun,87,2012-11-13 21:27:02 -0500,1352860022
JustCallMeKim,78,2012-11-13 21:27:08 -0500,1352860028
Alexa103,74,2012-11-13 21:27:13 -0500,1352860033
Jojobeana,82,2012-11-13 21:27:19 -0500,1352860039
buffiemouse,83,2012-11-13 21:27:24 -0500,1352860044
grambling,81,2012-11-13 21:27:30 -0500,1352860050
fiona730,83,2012-11-13 21:27:35 -0500,1352860055
ilikeyoumaude,84,2012-11-13 21:27:41 -0500,1352860061
Amiguera,76,2012-11-13 21:27:46 -0500,1352860066
md2812,78,2012-11-13 21:27:52 -0500,1352860072
Jtabs_cat,78,2012-11-13 21:27:58 -0500,1352860078
UptownMonica,72,2012-11-13 21:28:03 -0500,1352860083
MargerieSB,85,2012-11-13 21:28:09 -0500,1352860089
thrashley_bear,84,2012-11-13 21:28:14 -0500,1352860094
Dgold3489,81,2012-11-13 21:28:20 -0500,1352860100
Shemptastic,84,2012-11-13 21:28:25 -0500,1352860105
theEisnotsilent,84,2012-11-13 21:28:31 -0500,1352860111
sciencechick_1,83,2012-11-13 21:28:36 -0500,1352860116
rachelwbd,77,2012-11-13 21:28:42 -0500,1352860122
lindsay_weir_,71,2012-11-13 21:28:47 -0500,1352860127
RachelDubbs,75,2012-11-13 21:28:53 -0500,1352860133
gypsybeats,81,2012-11-13 21:28:58 -0500,1352860138
miareason,81,2012-11-13 21:29:04 -0500,1352860144
dwarfleopard,76,2012-11-13 21:29:10 -0500,1352860150
Kayla3361,80,2012-11-13 21:29:15 -0500,1352860155
AbbyND02,80,2012-11-13 21:29:21 -0500,1352860161
lolofish,91,2012-11-13 21:29:26 -0500,1352860166
Rogers24,79,2012-11-13 21:29:32 -0500,1352860172
la-ia,90,2012-11-13 21:29:37 -0500,1352860177
bunnevolence,80,2012-11-13 21:29:43 -0500,1352860183
myriadgreen,89,2012-11-13 21:29:48 -0500,1352860188
nyguy55,74,2012-11-13 21:29:54 -0500,1352860194
neodada,67,2012-11-13 21:30:00 -0500,1352860200
Batesian,93,2012-11-13 21:30:05 -0500,1352860205
light_reflects,83,2012-11-13 21:30:11 -0500,1352860211
V-Lovely,81,2012-11-13 21:30:17 -0500,1352860217
rikenichavi,89,2012-11-13 21:30:22 -0500,1352860222
catreeaje33,72,2012-11-13 21:30:28 -0500,1352860228
M_M_Shelle,66,2012-11-13 21:30:34 -0500,1352860234
